<?xml version="1.0" encoding="utf-8" standalone="yes" ?>
<edmx:Edmx Version="1.0" xmlns:edmx="http://schemas.microsoft.com/ado/2007/06/edmx">
	<edmx:DataServices xmlns:m="http://schemas.microsoft.com/ado/2007/08/dataservices/metadata" m:DataServiceVersion="2.0">
		<Schema Namespace="com.renfe.renfe_lms.loading_process.services" xmlns:d="http://schemas.microsoft.com/ado/2007/08/dataservices"
			xmlns:m="http://schemas.microsoft.com/ado/2007/08/dataservices/metadata" xmlns="http://schemas.microsoft.com/ado/2008/09/edm">
			<EntityType Name="ActaPresidentesType">
				<Key><PropertyRef Name="SCHD_ID"/></Key><Property Name="SCHD_ID" Type="Edm.String" Nullable="false" MaxLength="100"/><Property Name="STUD_ID" Type="Edm.String" MaxLength="100"/><Property Name="PRINT_DATE" Type="Edm.DateTime"/></EntityType>
			<EntityType Name="ComponenteDelCosteSetType">
				<Key><PropertyRef Name="ID"/></Key><Property Name="ID" Type="Edm.String" Nullable="false" MaxLength="30"/><Property Name="TEXTO" Type="Edm.String" Nullable="false" MaxLength="100"/><Property Name="TIPO" Type="Edm.String" MaxLength="1"/><Property Name="LAST_DATE" Type="Edm.DateTime" Nullable="false"/></EntityType>
			<EntityType Name="HorasGestionCursoSetType">
				<Key><PropertyRef Name="DURACION"/></Key><Property Name="DURACION" Type="Edm.String" Nullable="false" MaxLength="10"/><Property Name="HORAS" Type="Edm.String" MaxLength="10"/><Property Name="LAST_DATE" Type="Edm.DateTime" Nullable="false"/></EntityType>
			<EntityType Name="ProveedoresSetType">
				<Key><PropertyRef Name="ID"/></Key><Property Name="ID" Type="Edm.Int32" Nullable="false"/><Property Name="DESCRIPCION" Type="Edm.String" Nullable="false" MaxLength="100"/><Property Name="FECHA_INICIO" Type="Edm.String" MaxLength="10"/><Property Name="FECHA_FIN" Type="Edm.String" MaxLength="10"/><Property Name="CIF" Type="Edm.String" Nullable="false" MaxLength="100"/><Property Name="LAST_DATE" Type="Edm.DateTime" Nullable="false"/></EntityType>
			<EntityType Name="SociedadesSetType">
				<Key><PropertyRef Name="ID"/></Key><Property Name="ID" Type="Edm.Int32" Nullable="false"/><Property Name="DESCRIPCION" Type="Edm.String" Nullable="false" MaxLength="100"/><Property Name="CIF" Type="Edm.String" Nullable="false" MaxLength="100"/><Property Name="LAST_DATE" Type="Edm.DateTime" Nullable="false"/></EntityType>
			<EntityType Name="ZsociedadesSetType">
				<Key><PropertyRef Name="ZID"/></Key><Property Name="ZID" Type="Edm.Int32" Nullable="false"/><Property Name="DESCRIPCION" Type="Edm.String" MaxLength="100"/><Property Name="CIF" Type="Edm.String" MaxLength="100"/><Property Name="LAST_DATE" Type="Edm.DateTime"/></EntityType>
			<EntityType Name="ZclasesactSetType">
				<Key><PropertyRef Name="ITEMID"/><PropertyRef Name="REV_DTE"/><PropertyRef Name="CLASSID"/><PropertyRef Name="SEGID"/></Key><Property Name="ITEMID" Type="Edm.String" Nullable="false" MaxLength="40"/><Property Name="REV_DTE" Type="Edm.String" Nullable="false" MaxLength="20"/><Property Name="CLASSID" Type="Edm.String" Nullable="false" MaxLength="4"/><Property Name="SEGID" Type="Edm.String" Nullable="false" MaxLength="10"/><Property Name="ACTIVE" Type="Edm.String" MaxLength="2"/><Property Name="DMN_ID" Type="Edm.String" MaxLength="8"/><Property Name="TITLE" Type="Edm.String" MaxLength="255"/><Property Name="YEAR" Type="Edm.String" MaxLength="4"/><Property Name="STARTDATE" Type="Edm.String" MaxLength="10"/><Property Name="ENDDATE" Type="Edm.String" MaxLength="10"/><Property Name="START_TME" Type="Edm.String" MaxLength="20"/><Property Name="END_TME" Type="Edm.String" MaxLength="20"/><Property Name="LAST_DATE" Type="Edm.DateTime"/></EntityType>
			<EntityType Name="ZsupervisoresHRBPSetType">
				<Key><PropertyRef Name="USERID"/><PropertyRef Name="DOMINIO"/></Key><Property Name="USERID" Type="Edm.String" Nullable="false" MaxLength="25"/><Property Name="DOMINIO" Type="Edm.String" Nullable="false" MaxLength="100"/><Property Name="LAST_DATE" Type="Edm.String" MaxLength="10"/></EntityType>
			<EntityType Name="ZempleadosHRBPSetType">
				<Key><PropertyRef Name="USERID"/><PropertyRef Name="FIRSTNAME"/><PropertyRef Name="LASTNAME"/><PropertyRef Name="DOMINIO"/></Key><Property Name="USERID" Type="Edm.String" Nullable="false" MaxLength="25"/><Property Name="FIRSTNAME" Type="Edm.String" Nullable="false" MaxLength="100"/><Property Name="LASTNAME" Type="Edm.String" Nullable="false" MaxLength="100"/><Property Name="DOMINIO" Type="Edm.String" Nullable="false" MaxLength="100"/><Property Name="SUPERID" Type="Edm.String" MaxLength="25"/><Property Name="LAST_DATE" Type="Edm.String" MaxLength="10"/></EntityType>
			<EntityType Name="ZparticipacionesSetType">
				<Key><PropertyRef Name="IDARTICULO"/><PropertyRef Name="IDCLASE"/><PropertyRef Name="MATRICULAPAR"/></Key><Property Name="IDARTICULO" Type="Edm.String" Nullable="false" MaxLength="100"/><Property Name="IDCLASE" Type="Edm.String" Nullable="false" MaxLength="5"/><Property Name="MATRICULAPAR" Type="Edm.String" Nullable="false" MaxLength="15"/><Property Name="AGRUPADORMATERIAS" Type="Edm.String" MaxLength="10"/><Property Name="DESAGRUPADORMATERIAS" Type="Edm.String" MaxLength="255"/><Property Name="MATERIA" Type="Edm.String" MaxLength="10"/><Property Name="DESMATERIA" Type="Edm.String" MaxLength="255"/><Property Name="CODCURSO" Type="Edm.String" MaxLength="10"/><Property Name="DESCURSOBASE" Type="Edm.String" MaxLength="255"/><Property Name="TITULOARTICULO" Type="Edm.String" MaxLength="255"/><Property Name="DELMETHOD" Type="Edm.String" MaxLength="10"/><Property Name="DESDELMETHOD" Type="Edm.String" MaxLength="50"/><Property Name="HORASCREDITO" Type="Edm.String" MaxLength="10"/><Property Name="HORASCONTACTO" Type="Edm.String" MaxLength="10"/><Property Name="HORASCPE" Type="Edm.String" MaxLength="10"/><Property Name="ESTADOCLASE" Type="Edm.String" MaxLength="1"/><Property Name="DESESTADOCLASE" Type="Edm.String" MaxLength="25"/><Property Name="SOCORGANIZADORA" Type="Edm.String" MaxLength="255"/><Property Name="MATRICULAGESTOR" Type="Edm.String" MaxLength="15"/><Property Name="FNAMEGESTOR" Type="Edm.String" MaxLength="255"/><Property Name="PARTICIPANTE" Type="Edm.String" MaxLength="255"/><Property Name="SOCPARTICIPANTE" Type="Edm.String" MaxLength="255"/><Property Name="DOMPARTICIPANTE" Type="Edm.String" MaxLength="255"/><Property Name="EMAILPAR" Type="Edm.String" MaxLength="125"/><Property Name="ESTADOREG" Type="Edm.String" MaxLength="125"/><Property Name="ESTADOPRO" Type="Edm.String" MaxLength="125"/><Property Name="SEXO" Type="Edm.String" MaxLength="1"/><Property Name="CODAGRCATE" Type="Edm.String" MaxLength="2"/><Property Name="DESAGRCATE" Type="Edm.String" MaxLength="255"/><Property Name="CATEGORIA" Type="Edm.String" MaxLength="10"/><Property Name="DESCATEGORIA" Type="Edm.String" MaxLength="255"/><Property Name="POSICION" Type="Edm.String" MaxLength="255"/><Property Name="DIVPERSONAL" Type="Edm.String" MaxLength="255"/><Property Name="CODDIVPERS" Type="Edm.String" MaxLength="4"/><Property Name="DESDIVPERS" Type="Edm.String" MaxLength="255"/><Property Name="CODPROVINCIA" Type="Edm.String" MaxLength="10"/><Property Name="PROVINCIAPAR" Type="Edm.String" MaxLength="125"/><Property Name="CODEDIFICIO" Type="Edm.String" MaxLength="10"/><Property Name="DESEDIFICIO" Type="Edm.String" MaxLength="255"/><Property Name="PROVINCIAEDI" Type="Edm.String" MaxLength="125"/><Property Name="CODPROVEDI" Type="Edm.String" MaxLength="10"/><Property Name="UNIDADORG" Type="Edm.String" MaxLength="8"/><Property Name="DESUNIORG" Type="Edm.String" MaxLength="255"/><Property Name="CODACCFUNDAE" Type="Edm.String" MaxLength="5"/><Property Name="GRUPOFUNDAE" Type="Edm.String" MaxLength="5"/><Property Name="ESTADOFUNDAE" Type="Edm.String" MaxLength="2"/><Property Name="DESESTADFUNDAE" Type="Edm.String" MaxLength="25"/><Property Name="FECHAINICIO" Type="Edm.String" MaxLength="10"/><Property Name="FECHAFIN" Type="Edm.String" MaxLength="10"/><Property Name="HORASPRESEN" Type="Edm.String" MaxLength="4"/><Property Name="HORASONLINE" Type="Edm.String" MaxLength="4"/><Property Name="HORASCLASES" Type="Edm.String" MaxLength="4"/></EntityType>
			<EntityType Name="FacturasSetType">
				<Key><PropertyRef Name="NUM_FACTURA"/><PropertyRef Name="ID_PROVEEDOR"/></Key><Property Name="ID_FACTURA" Type="Edm.String" MaxLength="100"/><Property Name="NUM_FACTURA" Type="Edm.String" Nullable="false" MaxLength="100"/><Property Name="FECHA_FACTURA" Type="Edm.String" MaxLength="100"/><Property Name="FECHA_FACTURA_DATE" Type="Edm.DateTime"/><Property Name="CONCEPTO_FACTURA" Type="Edm.String" MaxLength="100"/><Property Name="CUENTA_CONTABLE" Type="Edm.String" MaxLength="100"/><Property Name="CENTRO_COSTE" Type="Edm.String" MaxLength="100"/><Property Name="ID_SOCIEDAD_RENFE" Type="Edm.String" MaxLength="100"/><Property Name="RAZON_SOCIEDAD_RENFE" Type="Edm.String" MaxLength="100"/><Property Name="CIF_SOCIEDAD_RENFE" Type="Edm.String" MaxLength="100"/><Property Name="IMPORTE_TOTAL" Type="Edm.Decimal" Precision="25" Scale="9"/><Property Name="IMPORTE_PENDIENTE" Type="Edm.Decimal" Precision="25" Scale="9"/><Property Name="COSTE_SERVICIOS" Type="Edm.Decimal" Precision="25" Scale="9"/><Property Name="ID_PROVEEDOR" Type="Edm.String" Nullable="false" MaxLength="100"/><Property Name="RAZON_PROVEEDOR" Type="Edm.String" MaxLength="100"/><Property Name="CIF_PROVEEDOR" Type="Edm.String" MaxLength="100"/><Property Name="FECHA_PAGO" Type="Edm.String" MaxLength="100"/><Property Name="FECHA_PAGO_DATE" Type="Edm.DateTime"/><Property Name="ESTADO" Type="Edm.String" MaxLength="100"/><Property Name="USUARIO_CREACION" Type="Edm.String" MaxLength="100"/><Property Name="ORIGEN_FACTURA" Type="Edm.String" MaxLength="100"/><Property Name="FLAG_NO_MOSTRAR" Type="Edm.String" MaxLength="1"/><Property Name="LAST_DATE" Type="Edm.DateTime" Nullable="false"/></EntityType>
			<EntityType Name="DominioSetType">
				<Key><PropertyRef Name="DMN_ID"/></Key><Property Name="DMN_ID" Type="Edm.String" Nullable="false" MaxLength="100"/><Property Name="DESC_DMN" Type="Edm.String" MaxLength="100"/></EntityType>
			<EntityType Name="TmpCargaEmpleadosSetType">
				<Key><PropertyRef Name="USER_ID"/></Key><Property Name="USER_ID" Type="Edm.String" Nullable="false" MaxLength="100"/><Property Name="ID_ORGANIZACION" Type="Edm.String" MaxLength="100"/><Property Name="AREA_PERSONAL" Type="Edm.String" MaxLength="100"/><Property Name="AGRUPADOR_CATEGORIA" Type="Edm.String" MaxLength="100"/><Property Name="CATEGORIA_PROFESIONAL" Type="Edm.String" MaxLength="100"/><Property Name="FECHA_NACIMIENTO" Type="Edm.String" MaxLength="100"/><Property Name="ID_DOMINIO" Type="Edm.String" MaxLength="100"/><Property Name="DNI" Type="Edm.String" MaxLength="100"/><Property Name="NISS" Type="Edm.String" MaxLength="100"/><Property Name="CUENTA_COTIZACION" Type="Edm.String" MaxLength="100"/><Property Name="GRUPO_COTIZACION" Type="Edm.String" MaxLength="100"/><Property Name="NIVEL_ESTUDIOS" Type="Edm.String" MaxLength="100"/><Property Name="APELLIDO_1" Type="Edm.String" MaxLength="100"/><Property Name="APELLIDO_2" Type="Edm.String" MaxLength="100"/><Property Name="LAST_DATE" Type="Edm.DateTime" Nullable="false"/><Property Name="CIF_EXTERNO" Type="Edm.String" MaxLength="100"/><Property Name="EMPRESA_EXTERNA" Type="Edm.String" MaxLength="100"/><NavigationProperty Name="ToDescDominio" Relationship="com.renfe.renfe_lms.loading_process.services.TmpCargaEmpleadosSet_DominioType"
					FromRole="TmpCargaEmpleadosSetPrincipal" ToRole="DominioSetDependent"/></EntityType>
			<EntityType Name="ValidacionSupervisorSetType">
				<Key><PropertyRef Name="ID_CONVOCATORIA"/><PropertyRef Name="SCHD_ID"/><PropertyRef Name="CPNT_TYP_ID"/><PropertyRef Name="ACT_CPNT_ID"/><PropertyRef Name="SSG_SEG_NUM"/></Key><Property Name="NOTACTIVE" Type="Edm.String" MaxLength="100"/><Property Name="DMN_ID" Type="Edm.String" MaxLength="100"/><Property Name="ID_CONVOCATORIA" Type="Edm.String" Nullable="false" MaxLength="100"/><Property Name="SCHD_ID" Type="Edm.String" Nullable="false" MaxLength="100"/><Property Name="CPNT_TYP_ID" Type="Edm.String" Nullable="false" MaxLength="100"/><Property Name="CPNT_TITLE" Type="Edm.String" MaxLength="300"/><Property Name="ACT_CPNT_ID" Type="Edm.String" Nullable="false" MaxLength="100"/><Property Name="REV_DTE" Type="Edm.String" MaxLength="100"/><Property Name="REV_DTE_DATE" Type="Edm.DateTime"/><Property Name="SSG_SEG_NUM" Type="Edm.String" Nullable="false" MaxLength="100"/><Property Name="SSG_SEG_SEC" Type="Edm.Int32"/><Property Name="MAXIMO" Type="Edm.String" MaxLength="100"/><Property Name="START_TME" Type="Edm.String" MaxLength="100"/><Property Name="END_TME" Type="Edm.String" MaxLength="100"/><Property Name="FECHA_INICIO" Type="Edm.String" MaxLength="100"/><Property Name="FECHA_FIN" Type="Edm.String" MaxLength="100"/><Property Name="CANCEL_DTE" Type="Edm.String" MaxLength="100"/><Property Name="CLOSED_DATE" Type="Edm.String" MaxLength="100"/><Property Name="LST_UPD_TSTMP" Type="Edm.String" MaxLength="100"/><Property Name="ESTADO" Type="Edm.String" MaxLength="100"/><Property Name="SUPER_N2" Type="Edm.String" MaxLength="100"/><Property Name="VALID_SUPER_N2" Type="Edm.String" MaxLength="100"/><Property Name="DESC_DMN" Type="Edm.String" MaxLength="100"/><Property Name="AGRUPADOR_MATERIAS" Type="Edm.String" MaxLength="100"/><Property Name="DESC_AGRUPADOR_MATERIAS" Type="Edm.String" MaxLength="150"/><Property Name="MATERIA" Type="Edm.String" MaxLength="100"/><Property Name="DESC_MATERIA" Type="Edm.String" MaxLength="150"/><Property Name="CURSO_BASE" Type="Edm.String" MaxLength="100"/><Property Name="DESC_CURSO_BASE" Type="Edm.String" MaxLength="150"/><Property Name="CONT_VALIDADO" Type="Edm.String" MaxLength="100"/><Property Name="USUARIO_REVISION" Type="Edm.String" MaxLength="100"/><Property Name="FECHA_REVISION" Type="Edm.String" MaxLength="100"/><Property Name="ACEPTA_RECHAZA" Type="Edm.String" MaxLength="100"/><Property Name="LAST_DATE" Type="Edm.DateTime" Nullable="false"/></EntityType>
			<EntityType Name="OrganizacionDataSetType">
				<Key><PropertyRef Name="ORG_ID"/></Key><Property Name="ORG_ID" Type="Edm.String" Nullable="false" MaxLength="100"/><Property Name="ORG_DESC" Type="Edm.String" MaxLength="100"/><Property Name="ORG_ID_PARENT" Type="Edm.String" MaxLength="100"/><Property Name="LAST_DATE" Type="Edm.DateTime" Nullable="false"/></EntityType>
			<EntityType Name="ConvocatoriaSetType">
				<Key><PropertyRef Name="ID_CONVOCATORIA"/><PropertyRef Name="SCHD_ID"/><PropertyRef Name="CPNT_TYP_ID"/><PropertyRef Name="ACT_CPNT_ID"/><PropertyRef Name="SSG_SEG_NUM"/></Key><Property Name="NOTACTIVE" Type="Edm.String" MaxLength="100"/><Property Name="DMN_ID" Type="Edm.String" MaxLength="100"/><Property Name="ID_CONVOCATORIA" Type="Edm.String" Nullable="false" MaxLength="100"/><Property Name="SCHD_ID" Type="Edm.String" Nullable="false" MaxLength="100"/><Property Name="CPNT_TYP_ID" Type="Edm.String" Nullable="false" MaxLength="100"/><Property Name="CPNT_TITLE" Type="Edm.String" MaxLength="300"/><Property Name="ACT_CPNT_ID" Type="Edm.String" Nullable="false" MaxLength="100"/><Property Name="REV_DTE" Type="Edm.String" MaxLength="100"/><Property Name="REV_DTE_DATE" Type="Edm.DateTime" Nullable="false"/><Property Name="CREDIT_HRS" Type="Edm.Int32" Nullable="false"/><Property Name="SSG_SEG_NUM" Type="Edm.String" Nullable="false" MaxLength="100"/><Property Name="SSG_SEG_SEC" Type="Edm.Int32"/><Property Name="MAXIMO" Type="Edm.String" MaxLength="100"/><Property Name="START_TME" Type="Edm.String" MaxLength="100"/><Property Name="END_TME" Type="Edm.String" MaxLength="100"/><Property Name="FECHA_INICIO" Type="Edm.String" MaxLength="100"/><Property Name="FECHA_FIN" Type="Edm.String" MaxLength="100"/><Property Name="CANCEL_DTE" Type="Edm.String" MaxLength="100"/><Property Name="CLOSED_DATE" Type="Edm.String" MaxLength="100"/><Property Name="LST_UPD_TSTMP" Type="Edm.String" MaxLength="100"/><Property Name="HORAS_CONV" Type="Edm.Int32"/><Property Name="HORAS_TOTAL" Type="Edm.Int32"/><Property Name="ESTADO" Type="Edm.String" MaxLength="100"/><Property Name="VALIDACION" Type="Edm.String" MaxLength="100"/><Property Name="CONT_VALIDADO" Type="Edm.String" MaxLength="100"/><Property Name="SUPER_N2" Type="Edm.String" MaxLength="100"/><Property Name="VALID_SUPER_N2" Type="Edm.String" MaxLength="100"/><Property Name="GESTOR" Type="Edm.String" MaxLength="100"/><Property Name="NUMPARTI2" Type="Edm.String" MaxLength="100"/><Property Name="DOMAIN_DESC" Type="Edm.String" MaxLength="100"/><Property Name="AGRUPADOR_MATERIAS" Type="Edm.String" MaxLength="100"/><Property Name="DESC_AGRUPADOR_MATERIAS" Type="Edm.String" MaxLength="150"/><Property Name="MATERIA" Type="Edm.String" MaxLength="100"/><Property Name="DESC_MATERIA" Type="Edm.String" MaxLength="150"/><Property Name="CURSO_BASE" Type="Edm.String" MaxLength="100"/><Property Name="DESC_CURSO_BASE" Type="Edm.String" MaxLength="150"/><Property Name="PROCESADO" Type="Edm.String" MaxLength="100"/><Property Name="USUARIO_REVISION" Type="Edm.String" MaxLength="100"/><Property Name="FECHA_REVISION" Type="Edm.String" MaxLength="100"/><Property Name="ACEPTA_RECHAZA" Type="Edm.String" MaxLength="100"/><Property Name="LAST_DATE" Type="Edm.DateTime" Nullable="false"/></EntityType>
			<EntityType Name="CursosPadreSetType">
				<Key><PropertyRef Name="DMN_ID"/><PropertyRef Name="CPNT_ID"/><PropertyRef Name="CPNT_TYP_ID"/></Key><Property Name="NOTACTIVE" Type="Edm.String" MaxLength="100"/><Property Name="DMN_ID" Type="Edm.String" Nullable="false" MaxLength="100"/><Property Name="CPNT_ID" Type="Edm.String" Nullable="false" MaxLength="100"/><Property Name="CPNT_TYP_ID" Type="Edm.String" Nullable="false" MaxLength="100"/><Property Name="REV_DTE" Type="Edm.String" MaxLength="100"/><Property Name="REV_DTE_DATE" Type="Edm.DateTime" Nullable="false"/><Property Name="CPNT_TITLE" Type="Edm.String" MaxLength="100"/><Property Name="LABEL_VALUE" Type="Edm.String" MaxLength="300"/><Property Name="ID_ARTICULO_PPAL" Type="Edm.String" MaxLength="100"/><Property Name="CREDIT_HRS" Type="Edm.Int32" Nullable="false"/><Property Name="CPNT_GOALS" Type="Edm.String" MaxLength="2000"/><Property Name="COMMENTS" Type="Edm.String" MaxLength="2000"/><Property Name="CURSO_ESPECIFICO_PADRE" Type="Edm.String" MaxLength="1000"/><Property Name="SPECIFIC_PADRE" Type="Edm.Int32" Nullable="false"/><Property Name="FUNDAE_CODACCION" Type="Edm.String" MaxLength="1000"/><Property Name="ABREV_CURSO" Type="Edm.String" MaxLength="100"/><Property Name="ACCESO_CABINA" Type="Edm.String" MaxLength="100"/><Property Name="ACTA_TRIBUNAL" Type="Edm.String" MaxLength="100"/><Property Name="AGRUPA_MAT" Type="Edm.String" MaxLength="100"/><Property Name="APPROVAL_REQD" Type="Edm.String" MaxLength="100"/><Property Name="APPRVD" Type="Edm.String" MaxLength="100"/><Property Name="APPRVL_DTE" Type="Edm.String" MaxLength="100"/><Property Name="APPRVR" Type="Edm.String" MaxLength="100"/><Property Name="AULA_HOMO" Type="Edm.String" MaxLength="100"/><Property Name="AUTO_FILL_ENRL" Type="Edm.String" MaxLength="100"/><Property Name="CATALOG1" Type="Edm.String" MaxLength="100"/><Property Name="CATALOG2" Type="Edm.String" MaxLength="100"/><Property Name="CERTIF_EVALUACION" Type="Edm.String" MaxLength="100"/><Property Name="CERTIF_FORMATIVO" Type="Edm.String" MaxLength="100"/><Property Name="CHGBCK_METHOD" Type="Edm.String" MaxLength="100"/><Property Name="CONTACT" Type="Edm.String" MaxLength="100"/><Property Name="CONTACT_HRS" Type="Edm.String" MaxLength="100"/><Property Name="CONTROL_PRACTICAS" Type="Edm.String" MaxLength="100"/><Property Name="CPE_HRS" Type="Edm.String" MaxLength="100"/><Property Name="CPNT_DESC" Type="Edm.String" MaxLength="100"/><Property Name="CPNT_LEN" Type="Edm.String" MaxLength="100"/><Property Name="CPNT_SRC_ID" Type="Edm.String" MaxLength="100"/><Property Name="CURSO_BASE" Type="Edm.String" MaxLength="100"/><Property Name="DEL_MTH_ID" Type="Edm.String" MaxLength="100"/><Property Name="ENABLE_ORDER" Type="Edm.String" MaxLength="100"/><Property Name="ENABLE_RATING" Type="Edm.String" MaxLength="100"/><Property Name="ENRL_THRESHOLD_DAYS" Type="Edm.String" MaxLength="100"/><Property Name="EQUIPOS_TREN" Type="Edm.String" MaxLength="100"/><Property Name="ESIG_ENABLED" Type="Edm.String" MaxLength="100"/><Property Name="FUNDAE_AREAPROFESIONAL" Type="Edm.String" MaxLength="100"/><Property Name="FUNDAE_CIF" Type="Edm.String" MaxLength="100"/><Property Name="FUNDAE_CODGRUPOACCION" Type="Edm.String" MaxLength="100"/><Property Name="FUNDAE_NIVELFORMACION" Type="Edm.String" MaxLength="100"/><Property Name="FUNDAE_OBSERVACIONES" Type="Edm.String" MaxLength="150"/><Property Name="FUNDAE_PASSWORD" Type="Edm.String" MaxLength="100"/><Property Name="FUNDAE_RAZONSOCIAL" Type="Edm.String" MaxLength="100"/><Property Name="FUNDAE_URI" Type="Edm.String" MaxLength="100"/><Property Name="FUNDAE_USER" Type="Edm.String" MaxLength="100"/><Property Name="GRADE_OPT" Type="Edm.String" MaxLength="100"/><Property Name="HORAS_PRACTICAS" Type="Edm.String" MaxLength="100"/><Property Name="HORAS_TEORICAS" Type="Edm.String" MaxLength="100"/><Property Name="HTML_DESC_LABEL_ID" Type="Edm.String" MaxLength="100"/><Property Name="INCLUDE_PREV_REV_RATING" Type="Edm.String" MaxLength="100"/><Property Name="INIT_BASIS_TYPE_ID" Type="Edm.String" MaxLength="100"/><Property Name="INIT_NUMBER" Type="Edm.String" MaxLength="100"/><Property Name="INIT_PERIOD_TYPE_ID" Type="Edm.String" MaxLength="100"/><Property Name="INST_MATS" Type="Edm.String" MaxLength="100"/><Property Name="LEGALENTITY_FUNDAE" Type="Edm.String" MaxLength="100"/><Property Name="LES_PLAN" Type="Edm.String" MaxLength="100"/><Property Name="MATERIA" Type="Edm.String" MaxLength="100"/><Property Name="MAX_ENRL" Type="Edm.String" MaxLength="100"/><Property Name="MIN_ENRL" Type="Edm.String" MaxLength="100"/><Property Name="PREP_LEN" Type="Edm.String" MaxLength="100"/><Property Name="PRODUCTION_READY" Type="Edm.String" MaxLength="100"/><Property Name="RECICLAJE_MAQUI" Type="Edm.String" MaxLength="100"/><Property Name="REPORTING_FUNDAE" Type="Edm.String" MaxLength="100"/><Property Name="REQ_SUPER_N2" Type="Edm.String" MaxLength="100"/><Property Name="REQ_VALIDACION" Type="Edm.String" MaxLength="100"/><Property Name="RETRNG_BASIS_TYPE_ID" Type="Edm.String" MaxLength="100"/><Property Name="RETRNG_NUMBER" Type="Edm.String" MaxLength="100"/><Property Name="RETRNG_PERIOD_TYPE_ID" Type="Edm.String" MaxLength="100"/><Property Name="REV_NUM" Type="Edm.String" MaxLength="100"/><Property Name="REVISER" Type="Edm.String" MaxLength="100"/><Property Name="RTYP_ID" Type="Edm.String" MaxLength="100"/><Property Name="SAFETY_REL" Type="Edm.String" MaxLength="100"/><Property Name="SCHEDULE_CAN_OVERRIDE_PRICE" Type="Edm.String" MaxLength="100"/><Property Name="SELF_ENRL" Type="Edm.String" MaxLength="100"/><Property Name="SELF_RECORD_LRNGEVT" Type="Edm.String" MaxLength="100"/><Property Name="STUD_MATS" Type="Edm.String" MaxLength="100"/><Property Name="SUB_RECORD_LRNGEVT" Type="Edm.String" MaxLength="100"/><Property Name="SURVEY1" Type="Edm.String" MaxLength="100"/><Property Name="SURVEY2" Type="Edm.String" MaxLength="100"/><Property Name="TAP_DEF_ID" Type="Edm.String" MaxLength="100"/><Property Name="TGT_AUDNC" Type="Edm.String" MaxLength="300"/><Property Name="THUMBNAIL_URI" Type="Edm.String" MaxLength="100"/><Property Name="TIPO_FUNDAE" Type="Edm.String" MaxLength="100"/><Property Name="USER_CAN_WAITLIST" Type="Edm.String" MaxLength="100"/><Property Name="WITHDRAW_APPROVAL_REQD" Type="Edm.String" MaxLength="100"/><Property Name="WITHDRAW_TAP_DEF_ID" Type="Edm.String" MaxLength="100"/><Property Name="DOMAIN_DESC" Type="Edm.String" MaxLength="100"/><Property Name="DESC_AGRUPADOR_MATERIAS" Type="Edm.String" MaxLength="150"/><Property Name="DESC_MATERIA" Type="Edm.String" MaxLength="150"/><Property Name="DESC_CURSO_BASE" Type="Edm.String" MaxLength="150"/><Property Name="LAST_DATE" Type="Edm.DateTime" Nullable="false"/></EntityType>
			<EntityType Name="ArticulosCertificadosSetType">
				<Key><PropertyRef Name="DMN_ID"/><PropertyRef Name="CPNT_ID"/><PropertyRef Name="CPNT_TYP_ID"/></Key><Property Name="NOTACTIVE" Type="Edm.String" MaxLength="100"/><Property Name="DMN_ID" Type="Edm.String" Nullable="false" MaxLength="100"/><Property Name="CPNT_ID" Type="Edm.String" Nullable="false" MaxLength="100"/><Property Name="CPNT_TYP_ID" Type="Edm.String" Nullable="false" MaxLength="100"/><Property Name="REV_DTE" Type="Edm.String" Nullable="false" MaxLength="100"/><Property Name="REV_DTE_DATE" Type="Edm.DateTime"/><Property Name="CPNT_TITLE" Type="Edm.String" MaxLength="100"/><Property Name="LABEL_VALUE" Type="Edm.String" Nullable="false" MaxLength="300"/><Property Name="ID_ART_PPAL" Type="Edm.String" MaxLength="100"/><Property Name="CPE_HRS" Type="Edm.Int32"/><Property Name="CREDIT_HRS" Type="Edm.Int32" Nullable="false"/><Property Name="HORAS_TEORICAS" Type="Edm.Int32"/><Property Name="HORAS_PRACTICAS" Type="Edm.Int32"/><Property Name="OBJETIVOS" Type="Edm.String" MaxLength="2000"/><Property Name="CONTENIDOS" Type="Edm.String" MaxLength="2000"/><Property Name="SPECIFIC_PADRE" Type="Edm.String" MaxLength="100"/><Property Name="REQ_VALIDACION" Type="Edm.String" MaxLength="100"/><Property Name="REQ_SUPER_N2" Type="Edm.String" MaxLength="100"/><Property Name="FUNDAE_CODACCION" Type="Edm.String" MaxLength="100"/><Property Name="ACCESO_CABINA" Type="Edm.String" MaxLength="100"/><Property Name="ACTA_TRIBUNAL" Type="Edm.String" MaxLength="100"/><Property Name="CERTIF_EVALUACION" Type="Edm.String" MaxLength="100"/><Property Name="CERTIF_FORMATIVO" Type="Edm.String" MaxLength="100"/><Property Name="CONTROL_PRACTICAS" Type="Edm.String" MaxLength="100"/><Property Name="DOMAIN_DESC" Type="Edm.String" MaxLength="100"/><Property Name="AGRUPADOR_MATERIAS" Type="Edm.String" MaxLength="100"/><Property Name="DESC_AGRUPADOR_MATERIAS" Type="Edm.String" MaxLength="120"/><Property Name="MATERIA" Type="Edm.String" MaxLength="100"/><Property Name="DESC_MATERIA" Type="Edm.String" MaxLength="120"/><Property Name="CURSO_BASE" Type="Edm.String" MaxLength="100"/><Property Name="DESC_CURSO_BASE" Type="Edm.String" MaxLength="120"/><Property Name="DEL_MTH_ID" Type="Edm.String" MaxLength="100"/><Property Name="DESC_DEL_MTH" Type="Edm.String" MaxLength="100"/><Property Name="AULA_HOMO" Type="Edm.String" MaxLength="100"/><Property Name="TGT_AUDNC" Type="Edm.String" MaxLength="300"/><Property Name="EQUIPOS_TREN" Type="Edm.String" MaxLength="100"/><Property Name="RECICLAJE_MAQUI" Type="Edm.String" MaxLength="100"/><Property Name="LAST_DATE" Type="Edm.DateTime" Nullable="false"/></EntityType>
			<EntityType Name="ConvocatoriasCertificadosSetType">
				<Key><PropertyRef Name="DMN_ID"/><PropertyRef Name="ACT_CPNT_ID"/><PropertyRef Name="CPNT_TYP_ID"/><PropertyRef Name="SCHD_ID"/><PropertyRef Name="SSG_SEG_NUM"/></Key><Property Name="NOTACTIVE" Type="Edm.String" MaxLength="100"/><Property Name="DMN_ID" Type="Edm.String" Nullable="false" MaxLength="100"/><Property Name="ACT_CPNT_ID" Type="Edm.String" Nullable="false" MaxLength="100"/><Property Name="CPNT_TYP_ID" Type="Edm.String" Nullable="false" MaxLength="100"/><Property Name="SCHD_ID" Type="Edm.String" Nullable="false" MaxLength="100"/><Property Name="ID_CONVOCATORIA" Type="Edm.String" MaxLength="100"/><Property Name="SSG_SEG_NUM" Type="Edm.String" Nullable="false" MaxLength="100"/><Property Name="SSG_SEG_SEC" Type="Edm.Int32"/><Property Name="SEG_DESC" Type="Edm.String" MaxLength="200"/><Property Name="MAXIMO" Type="Edm.String" MaxLength="100"/><Property Name="START_TME" Type="Edm.String" MaxLength="100"/><Property Name="END_TME" Type="Edm.String" MaxLength="100"/><Property Name="FECHA_INICIO" Type="Edm.String" MaxLength="100"/><Property Name="FECHA_INICIO_DATE" Type="Edm.DateTime"/><Property Name="FECHAFIN" Type="Edm.String" MaxLength="100"/><Property Name="FECHAFIN_DATE" Type="Edm.DateTime"/><Property Name="CANCEL_DTE" Type="Edm.String" MaxLength="1000"/><Property Name="CLOSED_DATE" Type="Edm.String" MaxLength="100"/><Property Name="ID_GRUPO_ACCION" Type="Edm.String" MaxLength="100"/><Property Name="INST_ID" Type="Edm.String" MaxLength="100"/><Property Name="FNAME_INST" Type="Edm.String" MaxLength="100"/><Property Name="LNAME_INST" Type="Edm.String" MaxLength="100"/><Property Name="DNI_INST" Type="Edm.String" MaxLength="100"/><Property Name="FACILITY_ID" Type="Edm.String" MaxLength="100"/><Property Name="FACILITY_DESC" Type="Edm.String" MaxLength="600"/><Property Name="ESTADO" Type="Edm.String" MaxLength="100"/><Property Name="DESC_ESTADO" Type="Edm.String" MaxLength="150"/><Property Name="ESTADO_FUNDAE" Type="Edm.String" MaxLength="100"/><Property Name="DESC_ESTADO_FUNDAE" Type="Edm.String" MaxLength="150"/><Property Name="NUMPARTI2" Type="Edm.String" MaxLength="100"/><Property Name="HORA_INICIO" Type="Edm.String" MaxLength="100"/><Property Name="HORA_FIN" Type="Edm.String" MaxLength="100"/><Property Name="VALID_SUPER_N2" Type="Edm.String" MaxLength="100"/><Property Name="CONTENT_VALID" Type="Edm.String" MaxLength="100"/><Property Name="DESCRIPTION_SCHED" Type="Edm.String" MaxLength="5000"/><Property Name="COMMENT_FUNDAE" Type="Edm.String" MaxLength="2000"/><Property Name="GESTOR" Type="Edm.String" MaxLength="100"/><Property Name="DESC_GESTOR" Type="Edm.String" MaxLength="150"/><Property Name="HORAS_PREV" Type="Edm.String" MaxLength="100"/><Property Name="HORAS_AUTOPROTEC" Type="Edm.String" MaxLength="100"/><Property Name="HORAS_AUXILIO" Type="Edm.String" MaxLength="100"/><Property Name="FACILITY_ADDR" Type="Edm.String" MaxLength="100"/><Property Name="FACILITY_CITY" Type="Edm.String" MaxLength="100"/><Property Name="FACILITY_REGION" Type="Edm.String" MaxLength="100"/><Property Name="FACILITY_POSTAL" Type="Edm.String" MaxLength="100"/><Property Name="DESC_DMN" Type="Edm.String" MaxLength="100"/><Property Name="MIN_ENRL" Type="Edm.String" MaxLength="100"/><Property Name="MAX_ENRL" Type="Edm.String" MaxLength="100"/><Property Name="NUM_DIAS" Type="Edm.String" MaxLength="100"/><Property Name="EXAM_FNAME" Type="Edm.String" MaxLength="100"/><Property Name="EXAM_LNAME" Type="Edm.String" MaxLength="100"/><Property Name="EXAM_LNAME2" Type="Edm.String" MaxLength="100"/><Property Name="SUPER_FNAME" Type="Edm.String" MaxLength="100"/><Property Name="SUPER_LNAME" Type="Edm.String" MaxLength="100"/><Property Name="SUPER_LNAME2" Type="Edm.String" MaxLength="100"/><Property Name="LAST_DATE" Type="Edm.DateTime" Nullable="false"/><NavigationProperty Name="ToConvocatoriaInstructores"
					Relationship="com.renfe.renfe_lms.loading_process.services.ConvocatoriaCertificado_ConvocatoriaInstructoresType"
					FromRole="ConvocatoriasCertificadosSetPrincipal" ToRole="ConvocatoriaInstructoresSetDependent"/></EntityType>
			<EntityType Name="SupervisorN2SetType">
				<Key><PropertyRef Name="DMN_ID"/><PropertyRef Name="ID_CONVOCATORIA"/><PropertyRef Name="SCHD_ID"/><PropertyRef Name="CPNT_TYP_ID"/><PropertyRef Name="SSG_SEG_NUM"/></Key><Property Name="NOTACTIVE" Type="Edm.String" MaxLength="100"/><Property Name="DMN_ID" Type="Edm.String" Nullable="false" MaxLength="100"/><Property Name="ID_CONVOCATORIA" Type="Edm.String" Nullable="false" MaxLength="100"/><Property Name="SCHD_ID" Type="Edm.String" Nullable="false" MaxLength="100"/><Property Name="CPNT_TYP_ID" Type="Edm.String" Nullable="false" MaxLength="100"/><Property Name="CPNT_TITLE" Type="Edm.String" MaxLength="100"/><Property Name="ACT_CPNT_ID" Type="Edm.String" MaxLength="100"/><Property Name="REV_DTE" Type="Edm.String" MaxLength="100"/><Property Name="REV_DTE_DATE" Type="Edm.String" MaxLength="100"/><Property Name="SSG_SEG_NUM" Type="Edm.String" Nullable="false" MaxLength="100"/><Property Name="SSG_SEG_SEC" Type="Edm.Int32"/><Property Name="MAXIMO" Type="Edm.Int32" Nullable="false"/><Property Name="START_TME" Type="Edm.String" MaxLength="100"/><Property Name="END_TME" Type="Edm.String" MaxLength="100"/><Property Name="FECHA_INICIO" Type="Edm.String" MaxLength="100"/><Property Name="FECHA_FIN" Type="Edm.String" MaxLength="1000"/><Property Name="CANCEL_DTE" Type="Edm.String" MaxLength="100"/><Property Name="CLOSED_DATE" Type="Edm.String" MaxLength="100"/><Property Name="LST_UPD_TSTMP" Type="Edm.String" MaxLength="100"/><Property Name="ESTADO" Type="Edm.String" MaxLength="100"/><Property Name="SUPER_N2" Type="Edm.String" MaxLength="100"/><Property Name="VALID_SUPER_N2" Type="Edm.String" MaxLength="100"/><Property Name="USUARIO_REVISION" Type="Edm.String" MaxLength="100"/><Property Name="FECHA_REVISION" Type="Edm.String" MaxLength="100"/><Property Name="LAST_DATE" Type="Edm.DateTime" Nullable="false"/></EntityType>
			<EntityType Name="ArticulosEspecificosHabilitaSetType">
				<Key><PropertyRef Name="CPNT_ID"/><PropertyRef Name="CPNT_TYP_ID"/><PropertyRef Name="REV_DTE"/></Key><Property Name="NOTACTIVE" Type="Edm.String" MaxLength="100"/><Property Name="CPNT_ID" Type="Edm.String" Nullable="false" MaxLength="100"/><Property Name="CPNT_TYP_ID" Type="Edm.String" Nullable="false" MaxLength="100"/><Property Name="CPNT_TITLE" Type="Edm.String" Nullable="false" MaxLength="100"/><Property Name="LABEL_VALUE" Type="Edm.String" MaxLength="150"/><Property Name="REV_DTE" Type="Edm.String" Nullable="false" MaxLength="100"/><Property Name="REV_DTE_DATE" Type="Edm.DateTime"/><Property Name="DMN_ID" Type="Edm.String" MaxLength="100"/><Property Name="DOMAIN_DESC" Type="Edm.String" MaxLength="100"/><Property Name="CREDIT_HRS" Type="Edm.String" MaxLength="100"/><Property Name="ID_ARTICULO_PPAL" Type="Edm.String" MaxLength="100"/><Property Name="LAST_DATE" Type="Edm.DateTime"/></EntityType>
			<EntityType Name="ConvocatoriaHabilitaSetType">
				<Key><PropertyRef Name="ACT_CPNT_ID"/><PropertyRef Name="SCHD_ID"/><PropertyRef Name="SSG_SEG_NUM"/></Key><Property Name="NOTACTIVE" Type="Edm.String" MaxLength="100"/><Property Name="ACT_CPNT_ID" Type="Edm.String" Nullable="false" MaxLength="100"/><Property Name="CPNT_TYP_ID" Type="Edm.String" Nullable="false" MaxLength="100"/><Property Name="SCHD_ID" Type="Edm.String" Nullable="false" MaxLength="100"/><Property Name="REV_DTE" Type="Edm.String" MaxLength="100"/><Property Name="REV_DTE_DATE" Type="Edm.DateTime"/><Property Name="DMN_ID" Type="Edm.String" MaxLength="100"/><Property Name="DESC_DMN" Type="Edm.String" MaxLength="100"/><Property Name="SSG_SEG_NUM" Type="Edm.String" Nullable="false" MaxLength="100"/><Property Name="SSG_SEG_SEC" Type="Edm.Int32"/><Property Name="SEG_DESC" Type="Edm.String" MaxLength="200"/><Property Name="START_TME" Type="Edm.String" MaxLength="100"/><Property Name="END_TME" Type="Edm.String" MaxLength="100"/><Property Name="FECHA_INICIO" Type="Edm.String" MaxLength="100"/><Property Name="FECHAFIN" Type="Edm.String" MaxLength="100"/><Property Name="CANCEL_DTE" Type="Edm.String" MaxLength="100"/><Property Name="CLOSED_DATE" Type="Edm.String" MaxLength="100"/><Property Name="ID_ARTICULO_PPAL" Type="Edm.String" MaxLength="100"/><Property Name="GESTOR" Type="Edm.String" MaxLength="100"/><Property Name="DESC_GESTOR" Type="Edm.String" MaxLength="100"/><Property Name="LAST_DATE" Type="Edm.DateTime"/></EntityType>
			<EntityType Name="InformeSimulacionSetType">
				<Key><PropertyRef Name="CPNT_ID"/><PropertyRef Name="ACT_CPNT_ID"/><PropertyRef Name="REV_DTE"/><PropertyRef Name="SCHD_ID"/><PropertyRef Name="SSG_SEG_NUM"/></Key><Property Name="NOTACTIVE" Type="Edm.String" MaxLength="100"/><Property Name="CPNT_ID" Type="Edm.String" Nullable="false" MaxLength="100"/><Property Name="ACT_CPNT_ID" Type="Edm.String" Nullable="false" MaxLength="100"/><Property Name="REV_DTE" Type="Edm.String" Nullable="false" MaxLength="100"/><Property Name="REV_DTE_DATE" Type="Edm.DateTime"/><Property Name="SCHD_ID" Type="Edm.String" Nullable="false" MaxLength="100"/><Property Name="DEL_MTH_ID" Type="Edm.String" MaxLength="100"/><Property Name="LABEL_TITULO" Type="Edm.String" MaxLength="100"/><Property Name="DMN_ID" Type="Edm.String" MaxLength="100"/><Property Name="DESC_DMN" Type="Edm.String" MaxLength="100"/><Property Name="SSG_SEG_NUM" Type="Edm.String" Nullable="false" MaxLength="100"/><Property Name="SSG_SEG_SEC" Type="Edm.Int32"/><Property Name="FECHA_INICIO" Type="Edm.String" MaxLength="100"/><Property Name="FECHAFIN" Type="Edm.String" MaxLength="100"/><Property Name="CLASS_HRS" Type="Edm.Decimal" Precision="25" Scale="9"/><Property Name="HORAS_PRESENCIALES" Type="Edm.Decimal" Precision="25" Scale="9"/><Property Name="HORAS_ONLINE" Type="Edm.Decimal" Precision="25" Scale="9"/><Property Name="GESTOR" Type="Edm.String" MaxLength="100"/><Property Name="DESC_GESTOR" Type="Edm.String" MaxLength="100"/><Property Name="ESTADO" Type="Edm.String" MaxLength="100"/><Property Name="DESC_ESTADO" Type="Edm.String" MaxLength="100"/><Property Name="ESTADO_FUNDAE" Type="Edm.String" MaxLength="100"/><Property Name="DESC_ESTADO_FUNDAE" Type="Edm.String" MaxLength="100"/><Property Name="FUNDAE_CODACCION" Type="Edm.String" MaxLength="100"/><Property Name="ID_GRUPO_ACCION" Type="Edm.String" MaxLength="100"/><Property Name="AGRUPADOR_MATERIAS" Type="Edm.String" MaxLength="100"/><Property Name="DESC_AGRUPADOR_MATERIAS" Type="Edm.String" MaxLength="100"/><Property Name="MATERIA" Type="Edm.String" MaxLength="100"/><Property Name="DESC_MATERIA" Type="Edm.String" MaxLength="100"/><Property Name="CURSO_BASE" Type="Edm.String" MaxLength="100"/><Property Name="DESC_CURSO_BASE" Type="Edm.String" MaxLength="100"/><Property Name="CANCEL_DTE" Type="Edm.String" MaxLength="100"/><Property Name="CLOSED_DATE" Type="Edm.String" MaxLength="100"/><Property Name="LAST_DATE" Type="Edm.DateTime"/><NavigationProperty Name="ToCostesCursos" Relationship="com.renfe.renfe_lms.loading_process.services.InformeSimulacion_CostesCursosType"
					FromRole="InformeSimulacionSetPrincipal" ToRole="CostesCursosSetDependent"/></EntityType>
			<EntityType Name="HabilitacionesSetType">
				<Key><PropertyRef Name="COD_HABILITACION"/><PropertyRef Name="ALCANCE"/><PropertyRef Name="SERIE"/><PropertyRef Name="SUBSERIE"/><PropertyRef Name="ARTICULO_PADRE"/></Key><Property Name="COD_HABILITACION" Type="Edm.Int32" Nullable="false"/><Property Name="HABILITACION" Type="Edm.String" MaxLength="100"/><Property Name="ALCANCE" Type="Edm.String" Nullable="false" MaxLength="100"/><Property Name="SERIE" Type="Edm.String" Nullable="false" MaxLength="100"/><Property Name="SUBSERIE" Type="Edm.String" Nullable="false" MaxLength="100"/><Property Name="COD_EXPEDIENTE" Type="Edm.String" MaxLength="1"/><Property Name="EXPEDIENTE" Type="Edm.String" MaxLength="100"/><Property Name="ARTICULO_PADRE" Type="Edm.String" Nullable="false" MaxLength="100"/><Property Name="LAST_DATE" Type="Edm.DateTime" Nullable="false"/><NavigationProperty Name="ToConvocatorias"
					Relationship="com.renfe.renfe_lms.loading_process.services.Habilitaciones_ConvocatoriaHabilitaType" FromRole="HabilitacionesSetPrincipal"
					ToRole="ConvocatoriaHabilitaSetDependent"/><NavigationProperty Name="ToArticulos"
					Relationship="com.renfe.renfe_lms.loading_process.services.Habilitaciones_ArticulosEspecificosHabilitaType"
					FromRole="HabilitacionesSetPrincipal" ToRole="ArticulosEspecificosHabilitaSetDependent"/></EntityType>
			<EntityType Name="SolicitudesHabilitaSetType">
				<Key><PropertyRef Name="CODIGO_SOLICITUD"/></Key><Property Name="CODIGO_SOLICITUD" Type="Edm.Int32" Nullable="false"/><Property Name="TIPO_DOCUMENTO" Type="Edm.String" MaxLength="20"/><Property Name="NOMBRE" Type="Edm.String" MaxLength="50"/><Property Name="APELLIDO1" Type="Edm.String" MaxLength="50"/><Property Name="APELLIDO2" Type="Edm.String" MaxLength="50"/><Property Name="CIF" Type="Edm.String" MaxLength="9"/><Property Name="EMPRESA" Type="Edm.String" MaxLength="50"/><Property Name="AREA_ACTIVIDAD" Type="Edm.Int32"/><Property Name="TIPOS_HABILITACION" Type="Edm.Int32"/><Property Name="ALCANCE" Type="Edm.Int32"/><Property Name="SERIE" Type="Edm.String" MaxLength="10"/><Property Name="SUBSERIE" Type="Edm.String" MaxLength="10"/><Property Name="DESCRIPCION" Type="Edm.String" MaxLength="2000"/><Property Name="TIPO_EXPEDIENTE" Type="Edm.String" MaxLength="1"/><Property Name="CONVOCATORIA" Type="Edm.String" MaxLength="100"/><Property Name="ESTADO" Type="Edm.String" MaxLength="100"/><Property Name="LAST_DATE" Type="Edm.DateTime" Nullable="false"/><NavigationProperty Name="Habilitaciones" Relationship="com.renfe.renfe_lms.loading_process.services.SolicitudesHabilita_HabilitacionesType"
					FromRole="SolicitudesHabilitaSetPrincipal" ToRole="HabilitacionesSetDependent"/><NavigationProperty Name="Detalle"
					Relationship="com.renfe.renfe_lms.loading_process.services.SolicitudesHabilita_SolicitudesHabilitaDetalleType"
					FromRole="SolicitudesHabilitaSetPrincipal" ToRole="SolicitudesHabilitaDetalleSetDependent"/><NavigationProperty Name="ToDocumento" Relationship="com.renfe.renfe_lms.loading_process.services.SolicitudesHabilita_TmpCargaEmpleadosType"
					FromRole="SolicitudesHabilitaSetPrincipal" ToRole="TmpCargaEmpleadosSetDependent"/></EntityType>
			<EntityType Name="SolicitudesHabilitaDetalleSetType">
				<Key><PropertyRef Name="CODIGO_SOLICITUD"/><PropertyRef Name="LINEA"/></Key><Property Name="CODIGO_SOLICITUD" Type="Edm.Int32" Nullable="false"/><Property Name="LINEA" Type="Edm.Int32" Nullable="false"/><Property Name="DESCRIPCION_LINEA" Type="Edm.String" MaxLength="255"/><Property Name="ORIGEN" Type="Edm.Int32"/><Property Name="DESCRIPCION_ORIGEN" Type="Edm.String" MaxLength="34"/><Property Name="DESTINO" Type="Edm.Int32"/><Property Name="DESCRIPCION_DESTINO" Type="Edm.String" MaxLength="34"/><Property Name="LAST_DATE" Type="Edm.DateTime" Nullable="false"/></EntityType>
			<EntityType Name="ConvocatoriaExaminadoresSetType">
				<Key><PropertyRef Name="SCHD_ID"/><PropertyRef Name="EXAM_INSTID"/></Key><Property Name="SCHD_ID" Type="Edm.String" Nullable="false" MaxLength="100"/><Property Name="EXAM_INSTID" Type="Edm.String" Nullable="false" MaxLength="100"/><Property Name="EXAM_FNAME" Type="Edm.String" MaxLength="100"/><Property Name="EXAM_LNAME" Type="Edm.String" MaxLength="100"/><Property Name="EXAM_LNAME2" Type="Edm.String" MaxLength="100"/><Property Name="EXAM_DNI" Type="Edm.String" MaxLength="100"/><Property Name="LAST_DATE" Type="Edm.DateTime" Nullable="false"/></EntityType>
			<EntityType Name="ConvocatoriaInstructoresSetType">
				<Key><PropertyRef Name="SCHD_ID"/><PropertyRef Name="SSG_SEG_NUM"/><PropertyRef Name="INST_ID"/></Key><Property Name="SCHD_ID" Type="Edm.String" Nullable="false" MaxLength="100"/><Property Name="SSG_SEG_NUM" Type="Edm.String" Nullable="false" MaxLength="100"/><Property Name="INST_ID" Type="Edm.String" Nullable="false" MaxLength="100"/><Property Name="FNAME_INST" Type="Edm.String" MaxLength="100"/><Property Name="LNAME_INST" Type="Edm.String" MaxLength="100"/><Property Name="LNAME2_INST" Type="Edm.String" MaxLength="100"/><Property Name="DNI_INST" Type="Edm.String" MaxLength="100"/><Property Name="PRIMARY" Type="Edm.String" MaxLength="100"/><Property Name="LAST_DATE" Type="Edm.DateTime" Nullable="false"/></EntityType>
			<EntityType Name="ConvocatoriaPresidenteTribunalSetType">
				<Key><PropertyRef Name="DMN_ID"/><PropertyRef Name="STUD_ID"/></Key><Property Name="DMN_ID" Type="Edm.String" Nullable="false" MaxLength="100"/><Property Name="DESC_DMN" Type="Edm.String" MaxLength="100"/><Property Name="STUD_ID" Type="Edm.String" Nullable="false" MaxLength="100"/><Property Name="FNAME" Type="Edm.String" MaxLength="100"/><Property Name="LNAME" Type="Edm.String" MaxLength="100"/><Property Name="PHON_NUM" Type="Edm.String" MaxLength="100"/><Property Name="LAST_DATE" Type="Edm.DateTime" Nullable="false"/></EntityType>
			<EntityType Name="ConvocatoriaSupervisoresSetType">
				<Key><PropertyRef Name="SCHD_ID"/><PropertyRef Name="SUPER_INSTID"/></Key><Property Name="SCHD_ID" Type="Edm.String" Nullable="false" MaxLength="100"/><Property Name="SUPER_INSTID" Type="Edm.String" Nullable="false" MaxLength="100"/><Property Name="SUPER_FNAME" Type="Edm.String" MaxLength="100"/><Property Name="SUPER_LNAME1" Type="Edm.String" MaxLength="100"/><Property Name="SUPER_LNAME2" Type="Edm.String" MaxLength="100"/><Property Name="SUPER_DNI" Type="Edm.String" MaxLength="100"/><Property Name="LAST_DATE" Type="Edm.DateTime" Nullable="false"/></EntityType>
			<EntityType Name="CostesCursosSetType">
				<Key><PropertyRef Name="SCHD_ID"/><PropertyRef Name="CPNT_ID"/><PropertyRef Name="CPNT_TYP_ID"/><PropertyRef Name="REV_DTE"/></Key><Property Name="SCHD_ID" Type="Edm.String" Nullable="false" MaxLength="100"/><Property Name="CPNT_ID" Type="Edm.String" Nullable="false" MaxLength="100"/><Property Name="CPNT_TYP_ID" Type="Edm.String" Nullable="false" MaxLength="100"/><Property Name="REV_DTE" Type="Edm.String" Nullable="false" MaxLength="100"/><Property Name="FECHA_INICIO" Type="Edm.String" MaxLength="100"/><Property Name="FECHA_FIN" Type="Edm.String" MaxLength="100"/><Property Name="NUMERO_HORAS" Type="Edm.String" MaxLength="100"/><Property Name="NUMERO_PARTICIPANTES" Type="Edm.String" MaxLength="100"/><Property Name="NUMERO_INSTRUCTORES" Type="Edm.String" MaxLength="100"/><Property Name="MODALIDAD" Type="Edm.String" MaxLength="100"/><Property Name="SOCIEDAD" Type="Edm.String" MaxLength="1000"/><Property Name="IMPORTES_DIRECTOS" Type="Edm.String" MaxLength="100"/><Property Name="IMPORTES_ASOCIADOS" Type="Edm.String" MaxLength="100"/><Property Name="IMPORTES_SALARIALES" Type="Edm.String" MaxLength="100"/><Property Name="GESTOR" Type="Edm.String" MaxLength="100"/><Property Name="FLAG_R3" Type="Edm.String" MaxLength="1"/><Property Name="FLAG_FUNDAE" Type="Edm.String" MaxLength="1"/><Property Name="FLAG_CERRADO" Type="Edm.String" MaxLength="1"/><Property Name="LAST_DATE" Type="Edm.DateTime" Nullable="false"/></EntityType>
			<EntityType Name="RelFacturaCursoSetType">
				<Key><PropertyRef Name="NUM_FACTURA"/><PropertyRef Name="SCHD_ID"/><PropertyRef Name="ID_SOCIEDAD_RENFE"/><PropertyRef Name="ID_PROVEEDOR"/></Key><Property Name="ID_FACTURA" Type="Edm.String" MaxLength="100"/><Property Name="NUM_FACTURA" Type="Edm.String" Nullable="false" MaxLength="100"/><Property Name="SCHD_ID" Type="Edm.String" Nullable="false" MaxLength="100"/><Property Name="IMPORTE" Type="Edm.Decimal" Precision="25" Scale="9"/><Property Name="USUARIO" Type="Edm.String" MaxLength="100"/><Property Name="ID_SOCIEDAD_RENFE" Type="Edm.String" Nullable="false" MaxLength="100"/><Property Name="RAZON_SOCIEDAD_RENFE" Type="Edm.String" MaxLength="100"/><Property Name="CIF_SOCIEDAD_RENFE" Type="Edm.String" MaxLength="100"/><Property Name="ID_PROVEEDOR" Type="Edm.String" Nullable="false" MaxLength="100"/><Property Name="RAZON_PROVEEDOR" Type="Edm.String" MaxLength="100"/><Property Name="CIF_PROVEEDOR" Type="Edm.String" MaxLength="100"/><Property Name="ID_COMPONENTE_COSTE" Type="Edm.String" MaxLength="30"/><Property Name="TIPO_COMPONENTE_COSTE" Type="Edm.String" MaxLength="1"/><Property Name="DESCRIPCION_COMPONENTE_COSTE" Type="Edm.String" MaxLength="100"/><Property Name="LAST_DATE" Type="Edm.DateTime" Nullable="false"/><NavigationProperty Name="Facturas" Relationship="com.renfe.renfe_lms.loading_process.services.Facturas_RelFacturaCursoType"
					FromRole="RelFacturaCursoSetDependent" ToRole="FacturasSetPrincipal"/></EntityType>
			<EntityType Name="ConvocatoriaCostesSetType">
				<Key><PropertyRef Name="SCHD_ID"/><PropertyRef Name="CPNT_ID"/><PropertyRef Name="CPNT_TYP_ID"/><PropertyRef Name="REV_DTE"/><PropertyRef Name="SSG_SEG_NUM"/><PropertyRef Name="STUD_ID"/><PropertyRef Name="INST_ID"/></Key><Property Name="SCHD_ID" Type="Edm.String" Nullable="false" MaxLength="100"/><Property Name="CPNT_ID" Type="Edm.String" Nullable="false" MaxLength="100"/><Property Name="ACT_CPNT_ID" Type="Edm.String" Nullable="false" MaxLength="100"/><Property Name="CPNT_TYP_ID" Type="Edm.String" Nullable="false" MaxLength="100"/><Property Name="REV_DTE" Type="Edm.String" Nullable="false" MaxLength="100"/><Property Name="REV_DTE_DATE" Type="Edm.DateTime"/><Property Name="LABEL_TITULO" Type="Edm.String" MaxLength="100"/><Property Name="SSG_SEG_NUM" Type="Edm.String" Nullable="false" MaxLength="100"/><Property Name="SSG_SEG_SEC" Type="Edm.Int32"/><Property Name="DMN_ID" Type="Edm.String" Nullable="false" MaxLength="100"/><Property Name="DESC_DMN" Type="Edm.String" MaxLength="100"/><Property Name="FECHA_INICIO" Type="Edm.String" MaxLength="100"/><Property Name="FECHAFIN" Type="Edm.String" MaxLength="100"/><Property Name="CREDIT_HRS" Type="Edm.String" MaxLength="100"/><Property Name="NUMPARTI2" Type="Edm.String" MaxLength="100"/><Property Name="STUD_ID" Type="Edm.String" Nullable="false" MaxLength="100"/><Property Name="FNAME" Type="Edm.String" MaxLength="100"/><Property Name="LNAME" Type="Edm.String" MaxLength="1000"/><Property Name="INST_ID" Type="Edm.String" Nullable="false" MaxLength="100"/><Property Name="INST_NAME" Type="Edm.String" MaxLength="100"/><Property Name="INST_LNAME" Type="Edm.String" MaxLength="100"/><Property Name="CLASS_HRS" Type="Edm.String" MaxLength="100"/><Property Name="ESTADO" Type="Edm.String" MaxLength="100"/><Property Name="DESC_ESTADO" Type="Edm.String" MaxLength="100"/><Property Name="ESTADO_FUNDAE" Type="Edm.String" MaxLength="100"/><Property Name="DESC_ESTADO_FUNDAE" Type="Edm.String" MaxLength="100"/><Property Name="VALID_SUPER_N2" Type="Edm.String" MaxLength="100"/><Property Name="FUNDAE_CODACCION" Type="Edm.String" MaxLength="100"/><Property Name="AGRUPADOR_MATERIAS" Type="Edm.String" MaxLength="100"/><Property Name="DESC_AGRUPADOR_MATERIAS" Type="Edm.String" MaxLength="100"/><Property Name="MATERIA" Type="Edm.String" MaxLength="100"/><Property Name="DESC_MATERIA" Type="Edm.String" MaxLength="100"/><Property Name="CURSO_BASE" Type="Edm.String" MaxLength="100"/><Property Name="DESC_CURSO_BASE" Type="Edm.String" MaxLength="100"/><Property Name="ID_GRUPO_ACCION" Type="Edm.String" MaxLength="100"/><Property Name="GESTOR" Type="Edm.String" MaxLength="100"/><Property Name="DEL_MTH_ID" Type="Edm.String" MaxLength="100"/><Property Name="CALCULO_COSTES_SAP" Type="Edm.Decimal" Precision="25" Scale="9"/><Property Name="FLAG_PROCESADO" Type="Edm.String" MaxLength="1"/><Property Name="FLAG_CERRADO" Type="Edm.String" MaxLength="1"/><Property Name="FLAG_MODIFICADO" Type="Edm.String" MaxLength="1"/><Property Name="LAST_DATE" Type="Edm.DateTime" Nullable="false"/></EntityType>
			<EntityType Name="CostesFacturasSetType">
				<Key><PropertyRef Name="ID_CONVOCATORIA"/><PropertyRef Name="TIPO_IMPORTE"/></Key><Property Name="ID_CONVOCATORIA" Type="Edm.String" Nullable="false" MaxLength="100"/><Property Name="TIPO_IMPORTE" Type="Edm.String" Nullable="false" MaxLength="100"/><Property Name="IMPORTE" Type="Edm.String" Nullable="false" MaxLength="100"/><Property Name="SOCIEDAD" Type="Edm.String" Nullable="false" MaxLength="100"/><Property Name="FLAG" Type="Edm.String" MaxLength="1"/><Property Name="LAST_DATE" Type="Edm.DateTime" Nullable="false"/></EntityType>
			<EntityType Name="InactivacionConvocatoriasSetType">
				<Key><PropertyRef Name="ID_CONVOCATORIA"/></Key><Property Name="ID_CONVOCATORIA" Type="Edm.String" Nullable="false" MaxLength="100"/><Property Name="DESCRIPCION_CONVOCATORIA" Type="Edm.String" MaxLength="5000"/><Property Name="INACTIVACION_FECHA" Type="Edm.String" MaxLength="100"/><Property Name="INACTIVACION_MOTIVO" Type="Edm.String" MaxLength="100"/><Property Name="GESTOR" Type="Edm.String" MaxLength="100"/><Property Name="EN_COPIA" Type="Edm.String" MaxLength="100"/><Property Name="EN_COPIA_OCULTA" Type="Edm.String" MaxLength="100"/><Property Name="CUSTOM_01" Type="Edm.String" MaxLength="100"/><Property Name="CUSTOM_02" Type="Edm.String" MaxLength="100"/><Property Name="CUSTOM_03" Type="Edm.String" MaxLength="100"/><Property Name="CUSTOM_04" Type="Edm.String" MaxLength="100"/><Property Name="CUSTOM_05" Type="Edm.String" MaxLength="100"/><Property Name="CUSTOM_06" Type="Edm.String" MaxLength="100"/><Property Name="CUSTOM_07" Type="Edm.String" MaxLength="100"/><Property Name="CUSTOM_08" Type="Edm.String" MaxLength="100"/><Property Name="CUSTOM_09" Type="Edm.String" MaxLength="100"/><Property Name="CUSTOM_10" Type="Edm.String" MaxLength="100"/><NavigationProperty Name="ConvocatoriasCertificadosSet"
					Relationship="com.renfe.renfe_lms.loading_process.services.InactivacionConvocatorias_ConvocatoriasCertificadosType"
					FromRole="InactivacionConvocatoriasSetPrincipal" ToRole="ConvocatoriasCertificadosSetDependent"/></EntityType>
			<EntityType Name="JoinParaAppSetType">
				<Key><PropertyRef Name="ACT_CPNT_ID"/><PropertyRef Name="CPNT_TYP_ID"/><PropertyRef Name="DMN_ID"/><PropertyRef Name="SCHD_ID"/><PropertyRef Name="SSG_SEG_NUM"/></Key><Property Name="ACT_CPNT_ID" Type="Edm.String" Nullable="false" MaxLength="100"/><Property Name="CANCEL_DTE" Type="Edm.String" MaxLength="1000"/><Property Name="CLOSED_DATE" Type="Edm.String" MaxLength="100"/><Property Name="CPNT_TYP_ID" Type="Edm.String" Nullable="false" MaxLength="100"/><Property Name="DMN_ID" Type="Edm.String" Nullable="false" MaxLength="100"/><Property Name="DNI_INST" Type="Edm.String" MaxLength="100"/><Property Name="END_TME" Type="Edm.String" MaxLength="100"/><Property Name="FACILITY_DESC" Type="Edm.String" MaxLength="600"/><Property Name="FACILITY_ID" Type="Edm.String" MaxLength="100"/><Property Name="FECHAFIN" Type="Edm.String" MaxLength="100"/><Property Name="FECHA_INICIO" Type="Edm.String" MaxLength="100"/><Property Name="FNAME_INST" Type="Edm.String" MaxLength="100"/><Property Name="ID_CONVOCATORIA" Type="Edm.String" MaxLength="100"/><Property Name="ID_GRUPO_ACCION" Type="Edm.String" MaxLength="100"/><Property Name="INST_ID" Type="Edm.String" MaxLength="100"/><Property Name="LNAME_INST" Type="Edm.String" MaxLength="100"/><Property Name="MAXIMO" Type="Edm.String" MaxLength="100"/><Property Name="NOTACTIVE" Type="Edm.String" MaxLength="100"/><Property Name="SCHD_ID" Type="Edm.String" Nullable="false" MaxLength="100"/><Property Name="SEG_DESC" Type="Edm.String" MaxLength="200"/><Property Name="SSG_SEG_NUM" Type="Edm.String" Nullable="false" MaxLength="100"/><Property Name="SSG_SEG_SEC" Type="Edm.Int32"/><Property Name="START_TME" Type="Edm.String" MaxLength="100"/><Property Name="DESC_ESTADO" Type="Edm.String" MaxLength="150"/><Property Name="DESC_ESTADO_FUNDAE" Type="Edm.String" MaxLength="150"/><Property Name="ESTADO" Type="Edm.String" MaxLength="100"/><Property Name="ESTADO_FUNDAE" Type="Edm.String" MaxLength="100"/><Property Name="HORA_FIN" Type="Edm.String" MaxLength="100"/><Property Name="HORA_INICIO" Type="Edm.String" MaxLength="100"/><Property Name="NUMPARTI2" Type="Edm.String" MaxLength="100"/><Property Name="COMMENT_FUNDAE" Type="Edm.String" MaxLength="2000"/><Property Name="CONTENT_VALID" Type="Edm.String" MaxLength="100"/><Property Name="DESCRIPTION_SCHED" Type="Edm.String" MaxLength="5000"/><Property Name="DESC_DMN" Type="Edm.String" MaxLength="100"/><Property Name="DESC_GESTOR" Type="Edm.String" MaxLength="150"/><Property Name="EXAM_FNAME" Type="Edm.String" MaxLength="100"/><Property Name="EXAM_LNAME" Type="Edm.String" MaxLength="100"/><Property Name="EXAM_LNAME2" Type="Edm.String" MaxLength="100"/><Property Name="FACILITY_ADDR" Type="Edm.String" MaxLength="100"/><Property Name="FACILITY_CITY" Type="Edm.String" MaxLength="100"/><Property Name="FACILITY_POSTAL" Type="Edm.String" MaxLength="100"/><Property Name="FACILITY_REGION" Type="Edm.String" MaxLength="100"/><Property Name="GESTOR" Type="Edm.String" MaxLength="100"/><Property Name="HORAS_AUTOPROTEC" Type="Edm.String" MaxLength="100"/><Property Name="HORAS_AUXILIO" Type="Edm.String" MaxLength="100"/><Property Name="HORAS_PREV" Type="Edm.String" MaxLength="100"/><Property Name="MAX_ENRL" Type="Edm.String" MaxLength="100"/><Property Name="MIN_ENRL" Type="Edm.String" MaxLength="100"/><Property Name="NUM_DIAS" Type="Edm.String" MaxLength="100"/><Property Name="SUPER_FNAME" Type="Edm.String" MaxLength="100"/><Property Name="SUPER_LNAME" Type="Edm.String" MaxLength="100"/><Property Name="SUPER_LNAME2" Type="Edm.String" MaxLength="100"/><Property Name="VALID_SUPER_N2" Type="Edm.String" MaxLength="100"/><Property Name="LABEL_VALUE" Type="Edm.String" MaxLength="300"/><Property Name="DESC_AGRUPADOR_MATERIAS" Type="Edm.String" MaxLength="120"/><Property Name="DESC_CURSO_BASE" Type="Edm.String" MaxLength="120"/><Property Name="DESC_MATERIA" Type="Edm.String" MaxLength="120"/><Property Name="LAST_DATE" Type="Edm.DateTime"/><Property Name="FECHAFIN_DATE" Type="Edm.DateTime"/><Property Name="FECHA_INICIO_DATE" Type="Edm.DateTime"/></EntityType>
			<EntityType Name="JoinConvocatoriaHabilitaHijosSetType">
				<Key><PropertyRef Name="ACT_CPNT_ID"/><PropertyRef Name="CPNT_TYP_ID"/><PropertyRef Name="REV_DTE"/><PropertyRef Name="SCHD_ID"/><PropertyRef Name="SSG_SEG_NUM"/><PropertyRef Name="COD_HABILITACION"/><PropertyRef Name="CODIGO_SOLICITUD"/></Key><Property Name="ACT_CPNT_ID" Type="Edm.String" Nullable="false" MaxLength="100"/><Property Name="CANCEL_DTE" Type="Edm.String" MaxLength="100"/><Property Name="CPNT_TYP_ID" Type="Edm.String" Nullable="false" MaxLength="100"/><Property Name="DESC_DMN" Type="Edm.String" MaxLength="100"/><Property Name="DMN_ID" Type="Edm.String" MaxLength="100"/><Property Name="END_TME" Type="Edm.String" MaxLength="100"/><Property Name="FECHAFIN" Type="Edm.String" MaxLength="100"/><Property Name="FECHA_INICIO" Type="Edm.String" MaxLength="100"/><Property Name="NOTACTIVE" Type="Edm.String" MaxLength="100"/><Property Name="REV_DTE" Type="Edm.String" Nullable="false" MaxLength="100"/><Property Name="SCHD_ID" Type="Edm.String" Nullable="false" MaxLength="100"/><Property Name="SEG_DESC" Type="Edm.String" MaxLength="100"/><Property Name="SSG_SEG_NUM" Type="Edm.String" Nullable="false" MaxLength="100"/><Property Name="START_TME" Type="Edm.String" MaxLength="100"/><Property Name="CPNT_TITLE" Type="Edm.String" MaxLength="100"/><Property Name="CREDIT_HRS" Type="Edm.String" MaxLength="100"/><Property Name="DOMAIN_DESC" Type="Edm.String" MaxLength="100"/><Property Name="ID_ARTICULO_PPAL" Type="Edm.String" MaxLength="100"/><Property Name="LABEL_VALUE" Type="Edm.String" MaxLength="150"/><Property Name="ALCANCE" Type="Edm.String" MaxLength="100"/><Property Name="COD_EXPEDIENTE" Type="Edm.String" MaxLength="1"/><Property Name="EXPEDIENTE" Type="Edm.String" MaxLength="100"/><Property Name="HABILITACION" Type="Edm.String" MaxLength="100"/><Property Name="SERIE" Type="Edm.String" MaxLength="100"/><Property Name="SUBSERIE" Type="Edm.String" MaxLength="100"/><Property Name="APELLIDO1" Type="Edm.String" MaxLength="50"/><Property Name="APELLIDO2" Type="Edm.String" MaxLength="50"/><Property Name="CIF" Type="Edm.String" MaxLength="9"/><Property Name="CONVOCATORIA" Type="Edm.String" MaxLength="100"/><Property Name="DESCRIPCION" Type="Edm.String" MaxLength="2000"/><Property Name="EMPRESA" Type="Edm.String" MaxLength="50"/><Property Name="ESTADO" Type="Edm.String" MaxLength="100"/><Property Name="NOMBRE" Type="Edm.String" MaxLength="50"/><Property Name="TIPO_DOCUMENTO" Type="Edm.String" MaxLength="20"/><Property Name="TIPO_EXPEDIENTE" Type="Edm.String" MaxLength="1"/><Property Name="DESC_GESTOR" Type="Edm.String" MaxLength="100"/><Property Name="GESTOR" Type="Edm.String" MaxLength="100"/><Property Name="CLOSED_DATE" Type="Edm.String" MaxLength="100"/><Property Name="REV_DTE_DATE" Type="Edm.DateTime"/><Property Name="COD_HABILITACION" Type="Edm.Int32" Nullable="false"/><Property Name="AREA_ACTIVIDAD" Type="Edm.Int32"/><Property Name="CODIGO_SOLICITUD" Type="Edm.Int32" Nullable="false"/><Property Name="SSG_SEG_SEC" Type="Edm.Int32"/></EntityType>
			<EntityType Name="JoinConvocatoriaHabilitaPadresSetType">
				<Key><PropertyRef Name="CPNT_TYP_ID"/><PropertyRef Name="REV_DTE"/><PropertyRef Name="SCHD_ID"/><PropertyRef Name="SSG_SEG_NUM"/><PropertyRef Name="CPNT_ID"/><PropertyRef Name="COD_HABILITACION"/><PropertyRef Name="CODIGO_SOLICITUD"/></Key><Property Name="CANCEL_DTE" Type="Edm.String" MaxLength="100"/><Property Name="CPNT_TYP_ID" Type="Edm.String" Nullable="false" MaxLength="100"/><Property Name="DESC_DMN" Type="Edm.String" MaxLength="100"/><Property Name="DMN_ID" Type="Edm.String" MaxLength="100"/><Property Name="END_TME" Type="Edm.String" MaxLength="100"/><Property Name="FECHAFIN" Type="Edm.String" MaxLength="100"/><Property Name="FECHA_INICIO" Type="Edm.String" MaxLength="100"/><Property Name="NOTACTIVE" Type="Edm.String" MaxLength="100"/><Property Name="REV_DTE" Type="Edm.String" Nullable="false" MaxLength="100"/><Property Name="SCHD_ID" Type="Edm.String" Nullable="false" MaxLength="100"/><Property Name="SEG_DESC" Type="Edm.String" MaxLength="100"/><Property Name="SSG_SEG_NUM" Type="Edm.String" Nullable="false" MaxLength="100"/><Property Name="START_TME" Type="Edm.String" MaxLength="100"/><Property Name="CPNT_TITLE" Type="Edm.String" MaxLength="100"/><Property Name="CREDIT_HRS" Type="Edm.String" MaxLength="100"/><Property Name="DOMAIN_DESC" Type="Edm.String" MaxLength="100"/><Property Name="ID_ARTICULO_PPAL" Type="Edm.String" MaxLength="100"/><Property Name="LABEL_VALUE" Type="Edm.String" MaxLength="150"/><Property Name="CPNT_ID" Type="Edm.String" Nullable="false" MaxLength="100"/><Property Name="ALCANCE" Type="Edm.String" MaxLength="100"/><Property Name="COD_EXPEDIENTE" Type="Edm.String" MaxLength="1"/><Property Name="EXPEDIENTE" Type="Edm.String" MaxLength="100"/><Property Name="HABILITACION" Type="Edm.String" MaxLength="100"/><Property Name="SERIE" Type="Edm.String" MaxLength="100"/><Property Name="SUBSERIE" Type="Edm.String" MaxLength="100"/><Property Name="APELLIDO1" Type="Edm.String" MaxLength="50"/><Property Name="APELLIDO2" Type="Edm.String" MaxLength="50"/><Property Name="CIF" Type="Edm.String" MaxLength="9"/><Property Name="CONVOCATORIA" Type="Edm.String" MaxLength="100"/><Property Name="DESCRIPCION" Type="Edm.String" MaxLength="2000"/><Property Name="EMPRESA" Type="Edm.String" MaxLength="50"/><Property Name="ESTADO" Type="Edm.String" MaxLength="100"/><Property Name="NOMBRE" Type="Edm.String" MaxLength="50"/><Property Name="TIPO_DOCUMENTO" Type="Edm.String" MaxLength="20"/><Property Name="TIPO_EXPEDIENTE" Type="Edm.String" MaxLength="1"/><Property Name="DESC_GESTOR" Type="Edm.String" MaxLength="100"/><Property Name="GESTOR" Type="Edm.String" MaxLength="100"/><Property Name="CLOSED_DATE" Type="Edm.String" MaxLength="100"/><Property Name="LAST_DATE" Type="Edm.DateTime"/><Property Name="REV_DTE_DATE" Type="Edm.DateTime"/><Property Name="COD_HABILITACION" Type="Edm.Int32" Nullable="false"/><Property Name="AREA_ACTIVIDAD" Type="Edm.Int32"/><Property Name="CODIGO_SOLICITUD" Type="Edm.Int32" Nullable="false"/><Property Name="SSG_SEG_SEC" Type="Edm.Int32"/></EntityType>
			<EntityType Name="JoinInactivyCertifSetType">
				<Key><PropertyRef Name="ACT_CPNT_ID"/><PropertyRef Name="CPNT_TYP_ID"/><PropertyRef Name="DMN_ID"/><PropertyRef Name="ID_CONVOCATORIA"/><PropertyRef Name="SCHD_ID"/><PropertyRef Name="SSG_SEG_NUM"/></Key><Property Name="ACT_CPNT_ID" Type="Edm.String" Nullable="false" MaxLength="100"/><Property Name="CANCEL_DTE" Type="Edm.String" MaxLength="1000"/><Property Name="CLOSED_DATE" Type="Edm.String" MaxLength="100"/><Property Name="COMMENT_FUNDAE" Type="Edm.String" MaxLength="2000"/><Property Name="CONTENT_VALID" Type="Edm.String" MaxLength="100"/><Property Name="CPNT_TYP_ID" Type="Edm.String" Nullable="false" MaxLength="100"/><Property Name="DESCRIPTION_SCHED" Type="Edm.String" MaxLength="4000"/><Property Name="DESC_DMN" Type="Edm.String" MaxLength="100"/><Property Name="DESC_ESTADO" Type="Edm.String" MaxLength="150"/><Property Name="DESC_ESTADO_FUNDAE" Type="Edm.String" MaxLength="150"/><Property Name="DESC_GESTOR" Type="Edm.String" MaxLength="150"/><Property Name="DMN_ID" Type="Edm.String" Nullable="false" MaxLength="100"/><Property Name="DNI_INST" Type="Edm.String" MaxLength="100"/><Property Name="END_TME" Type="Edm.String" MaxLength="100"/><Property Name="ESTADO" Type="Edm.String" MaxLength="100"/><Property Name="ESTADO_FUNDAE" Type="Edm.String" MaxLength="100"/><Property Name="EXAM_FNAME" Type="Edm.String" MaxLength="100"/><Property Name="EXAM_LNAME" Type="Edm.String" MaxLength="100"/><Property Name="EXAM_LNAME2" Type="Edm.String" MaxLength="100"/><Property Name="FACILITY_ADDR" Type="Edm.String" MaxLength="100"/><Property Name="FACILITY_CITY" Type="Edm.String" MaxLength="100"/><Property Name="FACILITY_DESC" Type="Edm.String" MaxLength="600"/><Property Name="FACILITY_ID" Type="Edm.String" MaxLength="100"/><Property Name="FACILITY_POSTAL" Type="Edm.String" MaxLength="100"/><Property Name="FACILITY_REGION" Type="Edm.String" MaxLength="100"/><Property Name="FECHAFIN" Type="Edm.String" MaxLength="100"/><Property Name="FECHA_INICIO" Type="Edm.String" MaxLength="100"/><Property Name="FNAME_INST" Type="Edm.String" MaxLength="100"/><Property Name="GESTOR" Type="Edm.String" MaxLength="100"/><Property Name="HORAS_AUTOPROTEC" Type="Edm.String" MaxLength="100"/><Property Name="HORAS_AUXILIO" Type="Edm.String" MaxLength="100"/><Property Name="HORAS_PREV" Type="Edm.String" MaxLength="100"/><Property Name="HORA_FIN" Type="Edm.String" MaxLength="100"/><Property Name="HORA_INICIO" Type="Edm.String" MaxLength="100"/><Property Name="ID_CONVOCATORIA" Type="Edm.String" Nullable="false" MaxLength="100"/><Property Name="ID_GRUPO_ACCION" Type="Edm.String" MaxLength="100"/><Property Name="INST_ID" Type="Edm.String" MaxLength="100"/><Property Name="LNAME_INST" Type="Edm.String" MaxLength="100"/><Property Name="MAXIMO" Type="Edm.String" MaxLength="100"/><Property Name="MAX_ENRL" Type="Edm.String" MaxLength="100"/><Property Name="MIN_ENRL" Type="Edm.String" MaxLength="100"/><Property Name="NOTACTIVE" Type="Edm.String" MaxLength="100"/><Property Name="NUMPARTI2" Type="Edm.String" MaxLength="100"/><Property Name="NUM_DIAS" Type="Edm.String" MaxLength="100"/><Property Name="SCHD_ID" Type="Edm.String" Nullable="false" MaxLength="100"/><Property Name="SEG_DESC" Type="Edm.String" MaxLength="100"/><Property Name="SSG_SEG_NUM" Type="Edm.String" Nullable="false" MaxLength="100"/><Property Name="START_TME" Type="Edm.String" MaxLength="100"/><Property Name="SUPER_FNAME" Type="Edm.String" MaxLength="100"/><Property Name="SUPER_LNAME" Type="Edm.String" MaxLength="100"/><Property Name="SUPER_LNAME2" Type="Edm.String" MaxLength="100"/><Property Name="VALID_SUPER_N2" Type="Edm.String" MaxLength="100"/><Property Name="CUSTOM_01" Type="Edm.String" MaxLength="100"/><Property Name="CUSTOM_02" Type="Edm.String" MaxLength="100"/><Property Name="CUSTOM_03" Type="Edm.String" MaxLength="100"/><Property Name="CUSTOM_04" Type="Edm.String" MaxLength="100"/><Property Name="CUSTOM_05" Type="Edm.String" MaxLength="100"/><Property Name="CUSTOM_06" Type="Edm.String" MaxLength="100"/><Property Name="CUSTOM_07" Type="Edm.String" MaxLength="100"/><Property Name="CUSTOM_08" Type="Edm.String" MaxLength="100"/><Property Name="CUSTOM_09" Type="Edm.String" MaxLength="100"/><Property Name="CUSTOM_10" Type="Edm.String" MaxLength="100"/><Property Name="DESCRIPCION_CONVOCATORIA" Type="Edm.String" MaxLength="100"/><Property Name="EN_COPIA" Type="Edm.String" MaxLength="100"/><Property Name="EN_COPIA_OCULTA" Type="Edm.String" MaxLength="100"/><Property Name="GESTOR_1" Type="Edm.String" MaxLength="100"/><Property Name="INACTIVACION_FECHA" Type="Edm.String" MaxLength="100"/><Property Name="INACTIVACION_MOTIVO" Type="Edm.String" MaxLength="100"/><Property Name="DESC_AGRUPADOR_MATERIAS" Type="Edm.String" MaxLength="120"/><Property Name="DESC_CURSO_BASE" Type="Edm.String" MaxLength="120"/><Property Name="DESC_MATERIA" Type="Edm.String" MaxLength="120"/><Property Name="LABEL_VALUE" Type="Edm.String" MaxLength="300"/><Property Name="MATERIA" Type="Edm.String" MaxLength="100"/><Property Name="AGRUPADOR_MATERIAS" Type="Edm.String" MaxLength="100"/><Property Name="FECHAFIN_DATE" Type="Edm.DateTime"/><Property Name="FECHA_INICIO_DATE" Type="Edm.DateTime"/><Property Name="LAST_DATE" Type="Edm.DateTime"/><Property Name="SSG_SEG_SEC" Type="Edm.Int32"/></EntityType>
			<EntityType Name="ClasesComunicadasFundaeSetType">
				<Key><PropertyRef Name="SCHD_ID"/><PropertyRef Name="SSG_SEG_NUM"/><PropertyRef Name="SEQNR"/></Key><Property Name="SCHD_ID" Type="Edm.Int32" Nullable="false"/><Property Name="SSG_SEG_NUM" Type="Edm.String" Nullable="false" MaxLength="100"/><Property Name="SEQNR" Type="Edm.Int32" Nullable="false"/><Property Name="LABEL_VALUE" Type="Edm.String" MaxLength="300"/><Property Name="START_TME" Type="Edm.String" MaxLength="100"/><Property Name="END_TME" Type="Edm.String" MaxLength="100"/><Property Name="CLASS_HRS" Type="Edm.String" MaxLength="100"/><Property Name="FACILITY_ID" Type="Edm.String" MaxLength="100"/><Property Name="INST_ID" Type="Edm.String" MaxLength="100"/><Property Name="GESTOR" Type="Edm.String" MaxLength="100"/><Property Name="FUNDAE_CODACCION" Type="Edm.String" MaxLength="100"/><Property Name="ID_GRUPO_ACCION" Type="Edm.String" MaxLength="100"/><Property Name="COMMENT_FUNDAE" Type="Edm.String" MaxLength="2000"/><Property Name="ESTADO_FUNDAE" Type="Edm.String" MaxLength="100"/><Property Name="FECHA_INICIO" Type="Edm.String" MaxLength="100"/><Property Name="FECHA_FIN" Type="Edm.String" MaxLength="100"/><Property Name="DATE_TIME_SHIPPING" Type="Edm.String" MaxLength="100"/><Property Name="SHIPPING_FUNDAE" Type="Edm.String" MaxLength="1"/></EntityType>
			<EntityType Name="ClasesValidadasSetType">
				<Key><PropertyRef Name="SCHD_ID"/><PropertyRef Name="SSG_SEG_NUM"/><PropertyRef Name="SEQNR"/></Key><Property Name="SCHD_ID" Type="Edm.String" Nullable="false" MaxLength="100"/><Property Name="SSG_SEG_NUM" Type="Edm.String" Nullable="false" MaxLength="100"/><Property Name="SEQNR" Type="Edm.Int32" Nullable="false"/><Property Name="LABEL_VALUE" Type="Edm.String" MaxLength="300"/><Property Name="START_TME" Type="Edm.String" MaxLength="100"/><Property Name="END_TME" Type="Edm.String" MaxLength="100"/><Property Name="HORAS_TOTAL" Type="Edm.Int32"/><Property Name="HORAS_CONV" Type="Edm.Int32"/><Property Name="DESC_CLASE" Type="Edm.String" MaxLength="2000"/><Property Name="GESTOR" Type="Edm.String" MaxLength="100"/><Property Name="USUARIO_REVISION" Type="Edm.String" MaxLength="100"/><Property Name="FECHA_INICIO" Type="Edm.String" MaxLength="100"/><Property Name="FECHA_FIN" Type="Edm.String" MaxLength="100"/><Property Name="DATE_TIME_SHIPPING" Type="Edm.String" MaxLength="100"/><Property Name="SHIPPING_FUNDAE" Type="Edm.String" MaxLength="1"/></EntityType>
			<EntityType Name="ClasesRevisionN2SetType">
				<Key><PropertyRef Name="SCHD_ID"/><PropertyRef Name="SSG_SEG_NUM"/><PropertyRef Name="SEQNR"/></Key><Property Name="SCHD_ID" Type="Edm.Int32" Nullable="false"/><Property Name="SSG_SEG_NUM" Type="Edm.String" Nullable="false" MaxLength="100"/><Property Name="SEQNR" Type="Edm.Int32" Nullable="false"/><Property Name="LABEL_VALUE" Type="Edm.String" MaxLength="300"/><Property Name="START_TME" Type="Edm.String" MaxLength="100"/><Property Name="END_TME" Type="Edm.String" MaxLength="100"/><Property Name="HORAS_TOTAL" Type="Edm.Int32"/><Property Name="FACILITY_ID" Type="Edm.String" MaxLength="100"/><Property Name="INST_ID" Type="Edm.String" MaxLength="100"/><Property Name="GESTOR" Type="Edm.String" MaxLength="100"/><Property Name="SUPER_INST_ID" Type="Edm.String" MaxLength="100"/><Property Name="DESCRIPTION_SCHED" Type="Edm.String" MaxLength="2000"/><Property Name="FECHA_INICIO" Type="Edm.String" MaxLength="100"/><Property Name="FECHA_FIN" Type="Edm.String" MaxLength="100"/><Property Name="DATE_TIME_SHIPPING" Type="Edm.String" MaxLength="100"/><Property Name="SHIPPING_FUNDAE" Type="Edm.String" MaxLength="1"/></EntityType>
			<EntityType Name="PeriodosSolicitudFormacionSetType">
				<Key><PropertyRef Name="ID_PERIODO"/><PropertyRef Name="FECHA_INICIO"/><PropertyRef Name="FECHA_FIN"/></Key><Property Name="ID_PERIODO" Type="Edm.Int32" Nullable="false"/><Property Name="FECHA_INICIO" Type="Edm.DateTime" Nullable="false"/><Property Name="FECHA_FIN" Type="Edm.DateTime" Nullable="false"/><Property Name="DESC_PERIODO" Type="Edm.String" MaxLength="100"/><Property Name="ESTADO" Type="Edm.String" MaxLength="1"/><Property Name="PLANIFICACION" Type="Edm.String" MaxLength="1"/></EntityType>
			<EntityType Name="DeteccionNecesidadesSetType">
				<Key><PropertyRef Name="ID_PERIODO"/><PropertyRef Name="ID_ARTICULO"/><PropertyRef Name="CONTADOR"/></Key><Property Name="ID_PERIODO" Type="Edm.Int32" Nullable="false"/><Property Name="ID_ARTICULO" Type="Edm.String" Nullable="false" MaxLength="100"/><Property Name="TITULO_ARTICULO" Type="Edm.String" MaxLength="200"/><Property Name="AGRUP_MATERIA" Type="Edm.String" MaxLength="100"/><Property Name="MATERIA" Type="Edm.String" MaxLength="100"/><Property Name="CURSO_BASE" Type="Edm.String" MaxLength="100"/><Property Name="ID_GESTOR_DETECTA" Type="Edm.String" MaxLength="100"/><Property Name="NOM_COMP_GESTOR_DETECTA" Type="Edm.String" MaxLength="100"/><Property Name="DOMINIO_GESTOR_DETECTA" Type="Edm.String" MaxLength="100"/><Property Name="FECHA_DETECCION" Type="Edm.DateTime"/><Property Name="FECHA_MODIFICACION" Type="Edm.DateTime"/><Property Name="CONTADOR" Type="Edm.Int32" Nullable="false"/><Property Name="SOCIEDAD_GESTOR_DETECTA" Type="Edm.String" MaxLength="100"/><NavigationProperty Name="ToPeriodos" Relationship="com.renfe.renfe_lms.loading_process.services.DeteccionesPeriodosType"
					FromRole="DeteccionNecesidadesSetPrincipal" ToRole="PeriodosSolicitudFormacionSetDependent"/><NavigationProperty Name="ToArticulos" Relationship="com.renfe.renfe_lms.loading_process.services.DeteccionesArticulosType"
					FromRole="DeteccionNecesidadesSetPrincipal" ToRole="ArticulosCertificadosSetDependent"/><NavigationProperty Name="ToUsuarios" Relationship="com.renfe.renfe_lms.loading_process.services.DeteccionesUsuariosType"
					FromRole="DeteccionNecesidadesSetPrincipal" ToRole="UsuariosFormacionViewDependent"/><NavigationProperty Name="ToDominio" Relationship="com.renfe.renfe_lms.loading_process.services.DeteccionNecesidadesSet_DominioType"
					FromRole="DeteccionNecesidadesSetPrincipal" ToRole="DominioSetDependent"/></EntityType>
			<EntityType Name="SupervisoresDetectaSetType">
				<Key><PropertyRef Name="ID_USUARIO"/><PropertyRef Name="DOMINIO_USUARIO"/></Key><Property Name="ID_USUARIO" Type="Edm.String" Nullable="false" MaxLength="100"/><Property Name="DOMINIO_USUARIO" Type="Edm.String" Nullable="false" MaxLength="100"/></EntityType>
			<EntityType Name="UsuariosFormacionSetType">
				<Key><PropertyRef Name="ID_PERIODO"/><PropertyRef Name="ID_ARTICULO"/><PropertyRef Name="ID_USUARIO"/><PropertyRef Name="CONTADOR"/></Key><Property Name="ID_PERIODO" Type="Edm.Int32" Nullable="false"/><Property Name="ID_ARTICULO" Type="Edm.String" Nullable="false" MaxLength="100"/><Property Name="ID_USUARIO" Type="Edm.String" Nullable="false" MaxLength="100"/><Property Name="NOMBRE_USUARIO" Type="Edm.String" MaxLength="100"/><Property Name="APELLIDOS_USUARIO" Type="Edm.String" MaxLength="100"/><Property Name="AGRUP_CAT_USUARIO" Type="Edm.String" MaxLength="100"/><Property Name="CAT_USUARIO" Type="Edm.String" MaxLength="100"/><Property Name="DOMINIO_USUARIO" Type="Edm.String" MaxLength="100"/><Property Name="CONTADOR" Type="Edm.Int32" Nullable="false"/><Property Name="DIVISION_USUARIO" Type="Edm.String" MaxLength="100"/><Property Name="SOCIEDAD_USUARIO" Type="Edm.String" MaxLength="100"/><Property Name="UNIDAD_ORG" Type="Edm.String" MaxLength="100"/><Property Name="RESIDENCIA" Type="Edm.String" MaxLength="100"/><NavigationProperty Name="ToDominio" Relationship="com.renfe.renfe_lms.loading_process.services.UsuariosDominioType"
					FromRole="UsuariosFormacionSetPrincipal" ToRole="DominioSetDependent"/></EntityType>
			<EntityType Name="UsuariosFormacionViewType">
				<Key><PropertyRef Name="ID_PERIODO"/><PropertyRef Name="ID_ARTICULO"/><PropertyRef Name="ID_USUARIO"/><PropertyRef Name="CONTADOR"/></Key><Property Name="ID_PERIODO" Type="Edm.Int32" Nullable="false"/><Property Name="ID_ARTICULO" Type="Edm.String" Nullable="false" MaxLength="100"/><Property Name="ID_USUARIO" Type="Edm.String" Nullable="false" MaxLength="100"/><Property Name="NOMBRE_USUARIO" Type="Edm.String" MaxLength="100"/><Property Name="APELLIDOS_USUARIO" Type="Edm.String" MaxLength="100"/><Property Name="AGRUP_CAT_USUARIO" Type="Edm.String" MaxLength="100"/><Property Name="CAT_USUARIO" Type="Edm.String" MaxLength="100"/><Property Name="DOMINIO_USUARIO" Type="Edm.String" MaxLength="100"/><Property Name="DESC_DMN" Type="Edm.String" MaxLength="100"/><Property Name="CONTADOR" Type="Edm.Int32" Nullable="false"/><Property Name="DIVISION_USUARIO" Type="Edm.String" MaxLength="100"/><Property Name="SOCIEDAD_USUARIO" Type="Edm.String" MaxLength="100"/><Property Name="UNIDAD_ORG" Type="Edm.String" MaxLength="100"/><Property Name="RESIDENCIA" Type="Edm.String" MaxLength="100"/></EntityType>
			<Association Name="TmpCargaEmpleadosSet_DominioType"><End Type="com.renfe.renfe_lms.loading_process.services.TmpCargaEmpleadosSetType" Role="TmpCargaEmpleadosSetPrincipal" Multiplicity="1"/><End Type="com.renfe.renfe_lms.loading_process.services.DominioSetType" Role="DominioSetDependent" Multiplicity="1"/></Association>
			<Association Name="ConvocatoriaCertificado_ConvocatoriaInstructoresType"><End Type="com.renfe.renfe_lms.loading_process.services.ConvocatoriasCertificadosSetType" Role="ConvocatoriasCertificadosSetPrincipal"
				Multiplicity="1"/><End Type="com.renfe.renfe_lms.loading_process.services.ConvocatoriaInstructoresSetType" Role="ConvocatoriaInstructoresSetDependent"
				Multiplicity="*"/></Association>
			<Association Name="InformeSimulacion_CostesCursosType"><End Type="com.renfe.renfe_lms.loading_process.services.InformeSimulacionSetType" Role="InformeSimulacionSetPrincipal" Multiplicity="1"/><End Type="com.renfe.renfe_lms.loading_process.services.CostesCursosSetType" Role="CostesCursosSetDependent" Multiplicity="*"/></Association>
			<Association Name="Habilitaciones_ConvocatoriaHabilitaType"><End Type="com.renfe.renfe_lms.loading_process.services.HabilitacionesSetType" Role="HabilitacionesSetPrincipal" Multiplicity="1"/><End Type="com.renfe.renfe_lms.loading_process.services.ConvocatoriaHabilitaSetType" Role="ConvocatoriaHabilitaSetDependent"
				Multiplicity="*"/></Association>
			<Association Name="Habilitaciones_ArticulosEspecificosHabilitaType"><End Type="com.renfe.renfe_lms.loading_process.services.HabilitacionesSetType" Role="HabilitacionesSetPrincipal" Multiplicity="1"/><End Type="com.renfe.renfe_lms.loading_process.services.ArticulosEspecificosHabilitaSetType" Role="ArticulosEspecificosHabilitaSetDependent"
				Multiplicity="*"/></Association>
			<Association Name="SolicitudesHabilita_HabilitacionesType"><End Type="com.renfe.renfe_lms.loading_process.services.SolicitudesHabilitaSetType" Role="SolicitudesHabilitaSetPrincipal" Multiplicity="1"/><End Type="com.renfe.renfe_lms.loading_process.services.HabilitacionesSetType" Role="HabilitacionesSetDependent" Multiplicity="*"/></Association>
			<Association Name="SolicitudesHabilita_SolicitudesHabilitaDetalleType"><End Type="com.renfe.renfe_lms.loading_process.services.SolicitudesHabilitaSetType" Role="SolicitudesHabilitaSetPrincipal" Multiplicity="1"/><End Type="com.renfe.renfe_lms.loading_process.services.SolicitudesHabilitaDetalleSetType" Role="SolicitudesHabilitaDetalleSetDependent"
				Multiplicity="*"/></Association>
			<Association Name="SolicitudesHabilita_TmpCargaEmpleadosType"><End Type="com.renfe.renfe_lms.loading_process.services.SolicitudesHabilitaSetType" Role="SolicitudesHabilitaSetPrincipal" Multiplicity="1"/><End Type="com.renfe.renfe_lms.loading_process.services.TmpCargaEmpleadosSetType" Role="TmpCargaEmpleadosSetDependent" Multiplicity="*"/></Association>
			<Association Name="Facturas_RelFacturaCursoType"><End Type="com.renfe.renfe_lms.loading_process.services.FacturasSetType" Role="FacturasSetPrincipal" Multiplicity="1"/><End Type="com.renfe.renfe_lms.loading_process.services.RelFacturaCursoSetType" Role="RelFacturaCursoSetDependent" Multiplicity="*"/></Association>
			<Association Name="InactivacionConvocatorias_ConvocatoriasCertificadosType"><End Type="com.renfe.renfe_lms.loading_process.services.InactivacionConvocatoriasSetType" Role="InactivacionConvocatoriasSetPrincipal"
				Multiplicity="1"/><End Type="com.renfe.renfe_lms.loading_process.services.ConvocatoriasCertificadosSetType" Role="ConvocatoriasCertificadosSetDependent"
				Multiplicity="*"/></Association>
			<Association Name="DeteccionNecesidadesSet_DominioType"><End Type="com.renfe.renfe_lms.loading_process.services.DeteccionNecesidadesSetType" Role="DeteccionNecesidadesSetPrincipal"
				Multiplicity="1"/><End Type="com.renfe.renfe_lms.loading_process.services.DominioSetType" Role="DominioSetDependent" Multiplicity="1"/></Association>
			<Association Name="DeteccionesPeriodosType"><End Type="com.renfe.renfe_lms.loading_process.services.DeteccionNecesidadesSetType" Role="DeteccionNecesidadesSetPrincipal"
				Multiplicity="1"/><End Type="com.renfe.renfe_lms.loading_process.services.PeriodosSolicitudFormacionSetType" Role="PeriodosSolicitudFormacionSetDependent"
				Multiplicity="1"/></Association>
			<Association Name="DeteccionesArticulosType"><End Type="com.renfe.renfe_lms.loading_process.services.DeteccionNecesidadesSetType" Role="DeteccionNecesidadesSetPrincipal"
				Multiplicity="1"/><End Type="com.renfe.renfe_lms.loading_process.services.ArticulosCertificadosSetType" Role="ArticulosCertificadosSetDependent"
				Multiplicity="*"/></Association>
			<Association Name="UsuariosDominioType"><End Type="com.renfe.renfe_lms.loading_process.services.UsuariosFormacionSetType" Role="UsuariosFormacionSetPrincipal" Multiplicity="1"/><End Type="com.renfe.renfe_lms.loading_process.services.DominioSetType" Role="DominioSetDependent" Multiplicity="1"/></Association>
			<Association Name="DeteccionesUsuariosType"><End Type="com.renfe.renfe_lms.loading_process.services.DeteccionNecesidadesSetType" Role="DeteccionNecesidadesSetPrincipal"
				Multiplicity="1"/><End Type="com.renfe.renfe_lms.loading_process.services.UsuariosFormacionViewType" Role="UsuariosFormacionViewDependent" Multiplicity="*"/></Association>
			<EntityContainer Name="renfe_lms_loading_process" m:IsDefaultEntityContainer="true"><EntitySet Name="ActaPresidentes" EntityType="com.renfe.renfe_lms.loading_process.services.ActaPresidentesType"/><EntitySet Name="ComponenteDelCosteSet" EntityType="com.renfe.renfe_lms.loading_process.services.ComponenteDelCosteSetType"/><EntitySet Name="HorasGestionCursoSet" EntityType="com.renfe.renfe_lms.loading_process.services.HorasGestionCursoSetType"/><EntitySet Name="ProveedoresSet" EntityType="com.renfe.renfe_lms.loading_process.services.ProveedoresSetType"/><EntitySet Name="SociedadesSet" EntityType="com.renfe.renfe_lms.loading_process.services.SociedadesSetType"/><EntitySet Name="ZsociedadesSet" EntityType="com.renfe.renfe_lms.loading_process.services.ZsociedadesSetType"/><EntitySet Name="ZclasesactSet" EntityType="com.renfe.renfe_lms.loading_process.services.ZclasesactSetType"/><EntitySet Name="ZsupervisoresHRBPSet" EntityType="com.renfe.renfe_lms.loading_process.services.ZsupervisoresHRBPSetType"/><EntitySet Name="ZempleadosHRBPSet" EntityType="com.renfe.renfe_lms.loading_process.services.ZempleadosHRBPSetType"/><EntitySet Name="ZparticipacionesSet" EntityType="com.renfe.renfe_lms.loading_process.services.ZparticipacionesSetType"/><EntitySet Name="FacturasSet" EntityType="com.renfe.renfe_lms.loading_process.services.FacturasSetType"/><EntitySet Name="DominioSet" EntityType="com.renfe.renfe_lms.loading_process.services.DominioSetType"/><EntitySet Name="TmpCargaEmpleadosSet" EntityType="com.renfe.renfe_lms.loading_process.services.TmpCargaEmpleadosSetType"/><EntitySet Name="ValidacionSupervisorSet" EntityType="com.renfe.renfe_lms.loading_process.services.ValidacionSupervisorSetType"/><EntitySet Name="OrganizacionDataSet" EntityType="com.renfe.renfe_lms.loading_process.services.OrganizacionDataSetType"/><EntitySet Name="ConvocatoriaSet" EntityType="com.renfe.renfe_lms.loading_process.services.ConvocatoriaSetType"/><EntitySet Name="CursosPadreSet" EntityType="com.renfe.renfe_lms.loading_process.services.CursosPadreSetType"/><EntitySet Name="ArticulosCertificadosSet" EntityType="com.renfe.renfe_lms.loading_process.services.ArticulosCertificadosSetType"/><EntitySet Name="ConvocatoriasCertificadosSet" EntityType="com.renfe.renfe_lms.loading_process.services.ConvocatoriasCertificadosSetType"/><EntitySet Name="SupervisorN2Set" EntityType="com.renfe.renfe_lms.loading_process.services.SupervisorN2SetType"/><EntitySet Name="ArticulosEspecificosHabilitaSet"
				EntityType="com.renfe.renfe_lms.loading_process.services.ArticulosEspecificosHabilitaSetType"/><EntitySet Name="ConvocatoriaHabilitaSet" EntityType="com.renfe.renfe_lms.loading_process.services.ConvocatoriaHabilitaSetType"/><EntitySet Name="InformeSimulacionSet" EntityType="com.renfe.renfe_lms.loading_process.services.InformeSimulacionSetType"/><EntitySet Name="HabilitacionesSet" EntityType="com.renfe.renfe_lms.loading_process.services.HabilitacionesSetType"/><EntitySet Name="SolicitudesHabilitaSet" EntityType="com.renfe.renfe_lms.loading_process.services.SolicitudesHabilitaSetType"/><EntitySet Name="SolicitudesHabilitaDetalleSet" EntityType="com.renfe.renfe_lms.loading_process.services.SolicitudesHabilitaDetalleSetType"/><EntitySet Name="ConvocatoriaExaminadoresSet" EntityType="com.renfe.renfe_lms.loading_process.services.ConvocatoriaExaminadoresSetType"/><EntitySet Name="ConvocatoriaInstructoresSet" EntityType="com.renfe.renfe_lms.loading_process.services.ConvocatoriaInstructoresSetType"/><EntitySet Name="ConvocatoriaPresidenteTribunalSet"
				EntityType="com.renfe.renfe_lms.loading_process.services.ConvocatoriaPresidenteTribunalSetType"/><EntitySet Name="ConvocatoriaSupervisoresSet" EntityType="com.renfe.renfe_lms.loading_process.services.ConvocatoriaSupervisoresSetType"/><EntitySet Name="CostesCursosSet" EntityType="com.renfe.renfe_lms.loading_process.services.CostesCursosSetType"/><EntitySet Name="RelFacturaCursoSet" EntityType="com.renfe.renfe_lms.loading_process.services.RelFacturaCursoSetType"/><EntitySet Name="ConvocatoriaCostesSet" EntityType="com.renfe.renfe_lms.loading_process.services.ConvocatoriaCostesSetType"/><EntitySet Name="CostesFacturasSet" EntityType="com.renfe.renfe_lms.loading_process.services.CostesFacturasSetType"/><EntitySet Name="InactivacionConvocatoriasSet" EntityType="com.renfe.renfe_lms.loading_process.services.InactivacionConvocatoriasSetType"/><EntitySet Name="JoinParaAppSet" EntityType="com.renfe.renfe_lms.loading_process.services.JoinParaAppSetType"/><EntitySet Name="JoinConvocatoriaHabilitaHijosSet"
				EntityType="com.renfe.renfe_lms.loading_process.services.JoinConvocatoriaHabilitaHijosSetType"/><EntitySet Name="JoinConvocatoriaHabilitaPadresSet"
				EntityType="com.renfe.renfe_lms.loading_process.services.JoinConvocatoriaHabilitaPadresSetType"/><EntitySet Name="JoinInactivyCertifSet" EntityType="com.renfe.renfe_lms.loading_process.services.JoinInactivyCertifSetType"/><EntitySet Name="ClasesComunicadasFundaeSet" EntityType="com.renfe.renfe_lms.loading_process.services.ClasesComunicadasFundaeSetType"/><EntitySet Name="ClasesValidadasSet" EntityType="com.renfe.renfe_lms.loading_process.services.ClasesValidadasSetType"/><EntitySet Name="ClasesRevisionN2Set" EntityType="com.renfe.renfe_lms.loading_process.services.ClasesRevisionN2SetType"/><EntitySet Name="PeriodosSolicitudFormacionSet" EntityType="com.renfe.renfe_lms.loading_process.services.PeriodosSolicitudFormacionSetType"/><EntitySet Name="DeteccionNecesidadesSet" EntityType="com.renfe.renfe_lms.loading_process.services.DeteccionNecesidadesSetType"/><EntitySet Name="SupervisoresDetectaSet" EntityType="com.renfe.renfe_lms.loading_process.services.SupervisoresDetectaSetType"/><EntitySet Name="UsuariosFormacionSet" EntityType="com.renfe.renfe_lms.loading_process.services.UsuariosFormacionSetType"/><EntitySet Name="UsuariosFormacionView" EntityType="com.renfe.renfe_lms.loading_process.services.UsuariosFormacionViewType"/>
				<AssociationSet Name="TmpCargaEmpleadosSet_Dominio"
					Association="com.renfe.renfe_lms.loading_process.services.TmpCargaEmpleadosSet_DominioType"><End Role="TmpCargaEmpleadosSetPrincipal" EntitySet="TmpCargaEmpleadosSet"/><End Role="DominioSetDependent" EntitySet="DominioSet"/></AssociationSet>
				<AssociationSet Name="ConvocatoriaCertificado_ConvocatoriaInstructores"
					Association="com.renfe.renfe_lms.loading_process.services.ConvocatoriaCertificado_ConvocatoriaInstructoresType"><End Role="ConvocatoriasCertificadosSetPrincipal" EntitySet="ConvocatoriasCertificadosSet"/><End Role="ConvocatoriaInstructoresSetDependent" EntitySet="ConvocatoriaInstructoresSet"/></AssociationSet>
				<AssociationSet Name="InformeSimulacion_CostesCursos"
					Association="com.renfe.renfe_lms.loading_process.services.InformeSimulacion_CostesCursosType"><End Role="InformeSimulacionSetPrincipal" EntitySet="InformeSimulacionSet"/><End Role="CostesCursosSetDependent" EntitySet="CostesCursosSet"/></AssociationSet>
				<AssociationSet Name="Habilitaciones_ConvocatoriaHabilita"
					Association="com.renfe.renfe_lms.loading_process.services.Habilitaciones_ConvocatoriaHabilitaType"><End Role="HabilitacionesSetPrincipal" EntitySet="HabilitacionesSet"/><End Role="ConvocatoriaHabilitaSetDependent" EntitySet="ConvocatoriaHabilitaSet"/></AssociationSet>
				<AssociationSet Name="Habilitaciones_ArticulosEspecificosHabilita"
					Association="com.renfe.renfe_lms.loading_process.services.Habilitaciones_ArticulosEspecificosHabilitaType"><End Role="HabilitacionesSetPrincipal" EntitySet="HabilitacionesSet"/><End Role="ArticulosEspecificosHabilitaSetDependent" EntitySet="ArticulosEspecificosHabilitaSet"/></AssociationSet>
				<AssociationSet Name="SolicitudesHabilita_Habilitaciones"
					Association="com.renfe.renfe_lms.loading_process.services.SolicitudesHabilita_HabilitacionesType"><End Role="SolicitudesHabilitaSetPrincipal" EntitySet="SolicitudesHabilitaSet"/><End Role="HabilitacionesSetDependent" EntitySet="HabilitacionesSet"/></AssociationSet>
				<AssociationSet Name="SolicitudesHabilita_SolicitudesHabilitaDetalle"
					Association="com.renfe.renfe_lms.loading_process.services.SolicitudesHabilita_SolicitudesHabilitaDetalleType"><End Role="SolicitudesHabilitaSetPrincipal" EntitySet="SolicitudesHabilitaSet"/><End Role="SolicitudesHabilitaDetalleSetDependent" EntitySet="SolicitudesHabilitaDetalleSet"/></AssociationSet>
				<AssociationSet Name="SolicitudesHabilita_TmpCargaEmpleados"
					Association="com.renfe.renfe_lms.loading_process.services.SolicitudesHabilita_TmpCargaEmpleadosType"><End Role="SolicitudesHabilitaSetPrincipal" EntitySet="SolicitudesHabilitaSet"/><End Role="TmpCargaEmpleadosSetDependent" EntitySet="TmpCargaEmpleadosSet"/></AssociationSet>
				<AssociationSet Name="Facturas_RelFacturaCurso" Association="com.renfe.renfe_lms.loading_process.services.Facturas_RelFacturaCursoType"><End Role="FacturasSetPrincipal" EntitySet="FacturasSet"/><End Role="RelFacturaCursoSetDependent" EntitySet="RelFacturaCursoSet"/></AssociationSet>
				<AssociationSet Name="InactivacionConvocatorias_ConvocatoriasCertificados"
					Association="com.renfe.renfe_lms.loading_process.services.InactivacionConvocatorias_ConvocatoriasCertificadosType"><End Role="InactivacionConvocatoriasSetPrincipal" EntitySet="InactivacionConvocatoriasSet"/><End Role="ConvocatoriasCertificadosSetDependent" EntitySet="ConvocatoriasCertificadosSet"/></AssociationSet>
				<AssociationSet Name="DeteccionNecesidadesSet_Dominio"
					Association="com.renfe.renfe_lms.loading_process.services.DeteccionNecesidadesSet_DominioType"><End Role="DeteccionNecesidadesSetPrincipal" EntitySet="DeteccionNecesidadesSet"/><End Role="DominioSetDependent" EntitySet="DominioSet"/></AssociationSet>
				<AssociationSet Name="DeteccionesPeriodos" Association="com.renfe.renfe_lms.loading_process.services.DeteccionesPeriodosType"><End Role="DeteccionNecesidadesSetPrincipal" EntitySet="DeteccionNecesidadesSet"/><End Role="PeriodosSolicitudFormacionSetDependent" EntitySet="PeriodosSolicitudFormacionSet"/></AssociationSet>
				<AssociationSet Name="DeteccionesArticulos" Association="com.renfe.renfe_lms.loading_process.services.DeteccionesArticulosType"><End Role="DeteccionNecesidadesSetPrincipal" EntitySet="DeteccionNecesidadesSet"/><End Role="ArticulosCertificadosSetDependent" EntitySet="ArticulosCertificadosSet"/></AssociationSet>
				<AssociationSet Name="UsuariosDominio" Association="com.renfe.renfe_lms.loading_process.services.UsuariosDominioType"><End Role="UsuariosFormacionSetPrincipal" EntitySet="UsuariosFormacionSet"/><End Role="DominioSetDependent" EntitySet="DominioSet"/></AssociationSet>
				<AssociationSet Name="DeteccionesUsuarios" Association="com.renfe.renfe_lms.loading_process.services.DeteccionesUsuariosType"><End Role="DeteccionNecesidadesSetPrincipal" EntitySet="DeteccionNecesidadesSet"/><End Role="UsuariosFormacionViewDependent" EntitySet="UsuariosFormacionView"/></AssociationSet>
			</EntityContainer>
		</Schema>
	</edmx:DataServices>
</edmx:Edmx>