{
    "application": {
        "id": "",
        "title": "renfe_lms.hrbp_managers.hrbp_managers",
        "description": "Gestores Formación - Dominio",
        "type": "SAP_UI5_Component",
        "componentUrl": "/",
        "appUrl": "#hrbp_managers-Display",
        "navigationComponentName": "renfe_lms.hrbp_managers",
        "intentSemanticObject": "hrbp_managers",
        "intentAction": "Display",
        "html5ApplicationName": "hrbpmanagers",
        "HCPParentApplicationName": ""
    },
    "assignment": {
        "groups": [
            "9756bb2b-6d3b-4988-8262-cfa1b6521582-1606992102869"
        ],
        "contentPackages": [
            "e3143003-e04a-46c0-8e87-43360ce3e8bb-1615552406836"
        ],
        "categories": []
    },
    "tile": {
        "type": "StaticTile",
        "title": "Preinscripciones",
        "subtitle": "Relación Dominios - Gestores Formación",
        "searchKeywords": "Preinscripciones,Relación Dominios - Gestores Formación",
        "displayIconUrl": "sap-icon://account",
        "displayInfoText": "",
        "size": "1x1",
        "serviceURL": "",
        "refreshInterval": ""
    }
}