<c:FragmentDefinition 
		
	xmlns="sap.ui.table"
	xmlns:mvc="sap.ui.core.mvc"
	xmlns:u="sap.ui.unified"
	xmlns:c="sap.ui.core"
	xmlns:m="sap.m"
    height="100%">
	<m:Page
		showHeader="false"
		enableScrolling="false" 
		>
		<m:content>
			<Table id='tableHRBP'
				rows="{jsonHRBP>/}"
				ariaLabelledBy="title" selectionMode="None" >
				<extension>
					<m:OverflowToolbar style="Clear">
						<m:Title id="title" text="ASIGNAR GESTORES DE FORMACION A DOMINIOS"/>
						<m:Button id="saveButton" text="Save" type="Transparent"
							press="onSave" visible="false" />
					</m:OverflowToolbar>
				</extension>
				<columns>
					<Column width='12rem'>
						<m:Label text="{i18n>USERID}" />
						<template>
							<m:Input id='userid' value="{jsonHRBP>USERID}" editable="false"  />
						</template>
					</Column>
					<Column >
						<m:Label text="{i18n>DOMINIO}" />
						<template>
							<m:Input id='dominio' value="{jsonHRBP>DOMINIO}" editable="false"  />
						</template>
					</Column>
				</columns>
			</Table>
		</m:content>
	</m:Page>

	

</c:FragmentDefinition>